Filename,Size,Unit
"/Best of Isaac Asimov/Best of Isaac Asimov, The - cover.jpg",54.12,K
"/Best of Isaac Asimov/Best of Isaac Asimov, The - Isaac Asimov.rtf",729.98,K
"/Bicentennial Man & Other Stories/Bicentennial Man & Other Stories, The - cover.jpg",46.93,K
"/Bicentennial Man & Other Stories/Bicentennial Man & Other Stories, The - Isaac Asimov.rtf",512.27,K
/Buy Jupiter & Other Stories/Buy Jupiter & Other Stories - cover.jpg,53.81,K
/Buy Jupiter & Other Stories/Buy Jupiter & Other Stories - Isaac Asimov.rtf,442.16,K
"/Caliban1 - Caliban/Caliban1 - Caliban, Isaac Asimov's - cover.jpg",64.44,K
"/Caliban1 - Caliban/Caliban1 - Caliban, Isaac Asimov's - Roger MacBride Allen.rtf",764.55,K
"/Caliban2 - Inferno/Caliban2 - Inferno, Isaac Asimov's - cover.jpg",52.45,K
"/Caliban2 - Inferno/Caliban2 - Inferno, Isaac Asimov's - Roger MacBride Allen.rtf",756.33,K
"/Caliban3 - Utopia/Caliban3 - Utopia, Isaac Asimov's - cover.jpg",50.05,K
"/Caliban3 - Utopia/Caliban3 - Utopia, Isaac Asimov's - Roger MacBride Allen.rtf",932.17,K
"/Caves of Steel/Caves of Steel, The - Cover.jpg",54.06,K
"/Caves of Steel/Caves of Steel, The - Isaac Asimov.rtf",474.65,K
"/Chimera/Chimera, Isaac Asimov's Robot Mystery - cover.jpg",49.96,K
"/Chimera/Chimera, Isaac Asimov's Robot Mystery - Mark W Tiedemann.rtf",879.18,K
"/Complete Robot/Complete Robot, The - cover.jpg",45.54,K
"/Complete Robot/Complete Robot, The - Isaac Asimov - v 1.2.rtf",1.28,M
"/Currents of Space/Currents of Space, The - cover.jpg",71.96,K
"/Currents of Space/Currents of Space, The - Isaac Asimov.rtf",451.31,K
"/Early Asimov/Early Asimov, The - Cover.jpg",46.14,K
"/Early Asimov/Early Asimov, The - Isaac Asimov - v 2.0.rtf",1.85,M
/Earth is Room Enough/Earth Is Room Enough - cover.jpg,44.64,K
/Earth is Room Enough/Earth Is Room Enough - Isaac Asimov.rtf,441.28,K
"/End of Eternity/End of Eternity, The - cover.jpg",38.45,K
"/End of Eternity/End of Eternity, The - Isaac Asimov.rtf",451.63,K
/Forward the Foundation/Forward the Foundation - cover.jpg,57.61,K
/Forward the Foundation/Forward the Foundation - Isaac Asimov.rtf,813.58,K
/Foundation/Foundation - cover.jpg,35.05,K
/Foundation/Foundation - Isaac Asimov.rtf,469.52,K
/Foundation and Chaos/Foundation and Chaos - cover.jpg,68.98,K
/Foundation and Chaos/Foundation and Chaos - Greg Bear.rtf,799.67,K
/Foundation and Earth/Foundation and Earth - cover.jpg,38.36,K
/Foundation and Earth/Foundation and Earth - Isaac Asimov.rtf,962.33,K
/Foundation and Empire/Foundation and Empire - cover.jpg,29.03,K
/Foundation and Empire/Foundation and Empire - Isaac Asimov.rtf,510.17,K
/Foundation's Edge/Foundation's Edge - cover.jpg,70.95,K
/Foundation's Edge/Foundation's Edge - Isaac Asimov.rtf,889.28,K
/Foundation's Fear/Foundation's Fear - cover.jpg,56.88,K
/Foundation's Fear/Foundation's Fear - Gregory Benford.rtf,1.04,M
/Foundation's Friends/Foundation's Friends - cover.jpg,75.75,K
"/Foundation's Friends/Foundation's Friends - Martin H Greenberg, Ed.rtf",949.76,K
/Foundation's Triumph/Foundation's Triumph - cover.jpg,56.99,K
/Foundation's Triumph/Foundation's Triumph - David Brin.rtf,737.64,K
"/Gold/Gold, The Final Science Fiction Collection - cover.jpg",46.61,K
"/Gold/Gold, The Final Science Fiction Collection - Isaac Asimov.rtf",667.8,K
"/I, Robot/I, Robot - cover.jpg",33.02,K
"/I, Robot/I, Robot - Isaac Asimov - v 1.1.rtf",699.42,K
"/IAWWSF 9 Robots/Robots, Isaac Asimov's Wonderful Worlds of Science Fiction vol 9 - cover.jpg",75.35,K
"/IAWWSF 9 Robots/Robots, Isaac Asimov's Wonderful Worlds of Science Fiction vol 9.rtf",803.94,K
"/Mirage/Mirage, Isaac Asimov's Robot Mystery - cover.jpg",42.8,K
"/Mirage/Mirage, Isaac Asimov's Robot Mystery - Mark W Tiedemann.rtf",763.44,K
"/Naked Sun/Naked Sun, The - cover.jpg",47.28,K
"/Naked Sun/Naked Sun, The - Isaac Asimov - v 2.0.rtf",459.02,K
/Nemesis/Nemesis - cover.jpg,52.78,K
/Nemesis/Nemesis - Isaac Asimov.rtf,861.09,K
/Nightfall/Nightfall and Other Stories - cover.jpg,56.05,K
/Nightfall/Nightfall and Other Stories - Isaac Asimov.rtf,868.29,K
"/Norby Chronicles/Norby Chronicles, The - cover.jpg",63.41,K
"/Norby Chronicles/Norby Chronicles, The - Janet and Isaac Asimov.rtf",447.52,K
/Pebble in the Sky/Pebble in the sky - cover.jpg,61.64,K
/Pebble in the Sky/Pebble in the Sky - Isaac Asimov.rtf,464.66,K
"/Positronic Man/Positronic Man, The - cover.jpg",51.55,K
"/Positronic Man/Positronic Man, The - Isaac Asimov and Robert Silverberg.rtf",525.74,K
/Prelude to Foundation/Prelude to Foundation - cover.jpg,45.38,K
/Prelude to Foundation/Prelude to Foundation - Isaac Asimov.rtf,882.31,K
"/RA1 - Changeling/RA1 - Changeling, Isaac Asimov's Robot City-Robots and Aliens Book 1 - cover.jpg",71.68,K
"/RA1 - Changeling/RA1 - Changeling, Isaac Asimov's Robot City-Robots and Aliens Book 1 - Stephen Leigh.htm",298.09,K
/RA1 - Changeling/ra102.jpg,36.49,K
/RA1 - Changeling/ra104.jpg,45.23,K
/RA1 - Changeling/ra106.jpg,34.1,K
/RA1 - Changeling/ra108.jpg,52.26,K
/RA1 - Changeling/ra110.jpg,64,K
/RA1 - Changeling/ra112.jpg,53.44,K
/RA1 - Changeling/ra114.jpg,62.14,K
/RA1 - Changeling/ra116.jpg,66.19,K
"/RA2 - Renegade/RA2 - Renegade, Isaac Asimov's Robot City-Robots and Aliens Book 2 - Cordell Scotten.htm",374.89,K
"/RA2 - Renegade/RA2 - Renegade, Isaac Asimov's Robot City-Robots and Aliens Book 2 - cover.jpg",87.39,K
/RA2 - Renegade/ra202.jpg,29.55,K
/RA2 - Renegade/ra204.jpg,47.12,K
/RA2 - Renegade/ra206.jpg,40.75,K
/RA2 - Renegade/ra208.jpg,62.77,K
/RA2 - Renegade/ra210.jpg,47.01,K
/RA2 - Renegade/ra212.jpg,36,K
"/RA3 - Intruder/RA3 - Intruder, Isaac Asimov's Robot City-Robots and Aliens Book 3 - cover.jpg",98.13,K
"/RA3 - Intruder/RA3 - Intruder, Isaac Asimov's Robot City-Robots and Aliens Book 3 - Robert Thurston.htm",396.04,K
/RA3 - Intruder/ra302.jpg,48.91,K
/RA3 - Intruder/ra304.jpg,58.61,K
/RA3 - Intruder/ra306.jpg,58.22,K
/RA3 - Intruder/ra308.jpg,48.79,K
/RA3 - Intruder/ra310.jpg,55.23,K
/RA3 - Intruder/ra312.jpg,63.23,K
"/RA4 - Alliance/RA4 - Alliance, Isaac Asimov's Robot City-Robots and Aliens Book 4 - cover.jpg",78.15,K
"/RA4 - Alliance/RA4 - Alliance, Isaac Asimov's Robot City-Robots and Aliens Book 4 - Jerry Oltion.htm",298.65,K
/RA4 - Alliance/ra402.jpg,46.7,K
/RA4 - Alliance/ra404.jpg,57.58,K
/RA4 - Alliance/ra406.jpg,53.79,K
/RA4 - Alliance/ra408.jpg,60.01,K
/RA4 - Alliance/ra410.jpg,64.29,K
"/RA5 - Maverick/RA5 - Maverick, Isaac Asimov's Robot City-Robots and Aliens Book 5 - Bruce Bethke.htm",352.37,K
"/RA5 - Maverick/RA5 - Maverick, Isaac Asimov's Robot City-Robots and Aliens Book 5 - cover.jpg",95.79,K
/RA5 - Maverick/ra502.jpg,55.46,K
/RA5 - Maverick/ra504.jpg,35.31,K
/RA5 - Maverick/ra506.jpg,42.67,K
/RA5 - Maverick/ra508.jpg,51.08,K
/RA5 - Maverick/ra510.jpg,44.25,K
/RA5 - Maverick/ra512.jpg,60.14,K
/RA5 - Maverick/ra514.jpg,58.37,K
"/RA6 - Humanity/RA6 - Humanity, Isaac Asimov's Robot City-Robots and Aliens Book 6 - cover.jpg",96.1,K
"/RA6 - Humanity/RA6 - Humanity, Isaac Asimov's Robot City-Robots and Aliens Book 6 - Jerry Oltion.htm",318.74,K
/RA6 - Humanity/ra602.jpg,61.08,K
/RA6 - Humanity/ra604.jpg,81.19,K
/RA6 - Humanity/ra606.jpg,44.87,K
/RA6 - Humanity/ra608.jpg,45.78,K
/RA6 - Humanity/ra610.jpg,50.17,K
/RA6 - Humanity/ra612.jpg,43.81,K
"/RC1 - Odyssey/RC1 - Odyssey, Isaac Asimov's Robot City Book 1 - cover.jpg",60.36,K
"/RC1 - Odyssey/RC1 - Odyssey, Isaac Asimov's Robot City Book 1 - Michael P Kube-McDowell.htm",411.62,K
/RC1 - Odyssey/rc102.jpg,15.06,K
/RC1 - Odyssey/rc104.jpg,15.49,K
/RC1 - Odyssey/rc106.jpg,26.4,K
/RC1 - Odyssey/rc108.jpg,24.14,K
/RC1 - Odyssey/rc110.jpg,16.73,K
/RC1 - Odyssey/rc112.jpg,5.17,K
/RC1 - Odyssey/rc114.jpg,19.98,K
/RC1 - Odyssey/rc116.jpg,17.02,K
/RC1 - Odyssey/rc118.jpg,18.45,K
/RC1 - Odyssey/rc120.jpg,22.33,K
"/RC2 - Suspicion/RC2 - Suspicion, Isaac Asimov's Robot City Book 2 - cover.jpg",63.45,K
"/RC2 - Suspicion/RC2 - Suspicion, Isaac Asimov's Robot City Book 2 - Mike McQuay.htm",304.44,K
/RC2 - Suspicion/rc202.jpg,20.38,K
/RC2 - Suspicion/rc204.jpg,49.71,K
/RC2 - Suspicion/rc206.jpg,49.48,K
/RC2 - Suspicion/rc208.jpg,60.35,K
/RC2 - Suspicion/rc210.jpg,49.19,K
/RC2 - Suspicion/rc212.jpg,14.29,K
/RC2 - Suspicion/rc214.jpg,15.78,K
/RC2 - Suspicion/rc216.jpg,17.2,K
/RC2 - Suspicion/rc218.jpg,5.8,K
"/RC3 - Cyborg/RC3 - Cyborg, Isaac Asimov's Robot City Book 3 - cover.jpg",55.55,K
"/RC3 - Cyborg/RC3 - Cyborg, Isaac Asimov's Robot City Book 3 - William F Wu.htm",320.53,K
/RC3 - Cyborg/rc302.jpg,24.17,K
/RC3 - Cyborg/rc304.jpg,28.78,K
/RC3 - Cyborg/rc306.jpg,25.49,K
/RC3 - Cyborg/rc308.jpg,25.09,K
/RC3 - Cyborg/rc310.jpg,23.9,K
/RC3 - Cyborg/rc312.jpg,13.83,K
/RC3 - Cyborg/rc314.jpg,14.46,K
"/RC4 - Prodigy/RC4 - Prodigy, Isaac Asimov's Robot City Book 4 - Arthur Byron Cover.htm",334.96,K
"/RC4 - Prodigy/RC4 - Prodigy, Isaac Asimov's Robot City Book 4 - cover.jpg",68.26,K
/RC4 - Prodigy/rc402.jpg,5.93,K
/RC4 - Prodigy/rc404.jpg,23.51,K
/RC4 - Prodigy/rc406.jpg,24.1,K
/RC4 - Prodigy/rc408.jpg,29.76,K
/RC4 - Prodigy/rc410.jpg,12.58,K
/RC4 - Prodigy/rc412.jpg,12.73,K
/RC4 - Prodigy/rc414.jpg,7.38,K
/RC4 - Prodigy/rc416.jpg,17.46,K
/RC4 - Prodigy/rc418.jpg,10.43,K
"/RC5 - Refuge/RC5 - Refuge, Isaac Asimov's Robot City Book 5 - cover.jpg",58.16,K
"/RC5 - Refuge/RC5 - Refuge, Isaac Asimov's Robot City Book 5 - Rob Chilson.htm",315.69,K
/RC5 - Refuge/rc502.jpg,28.19,K
/RC5 - Refuge/rc503.gif,50.75,K
/RC5 - Refuge/rc504.gif,69.81,K
/RC5 - Refuge/rc505.gif,54.45,K
/RC5 - Refuge/rc506.gif,96.89,K
/RC5 - Refuge/rc508.jpg,61.96,K
/RC5 - Refuge/rc510.jpg,20.24,K
"/RC6 - Perihelion/RC6 - Perihelion, Isaac Asimov's Robot City Book 6 - cover.jpg",66.66,K
"/RC6 - Perihelion/RC6 - Perihelion, Isaac Asimov's Robot City Book 6 - William F Wu.htm",321.44,K
/RC6 - Perihelion/rc602.jpg,14.83,K
/RC6 - Perihelion/rc604.jpg,44.58,K
/RC6 - Perihelion/rc606.jpg,40.54,K
/RC6 - Perihelion/rc608.jpg,54.48,K
/RC6 - Perihelion/rc610.jpg,63.58,K
/RC6 - Perihelion/rc612.jpg,58.52,K
/Read Me!.htm,620.66,K
"/RIT1 - Predator/RIT1 - Predator, Isaac Asimov's Robots In Time - cover.jpg",64.23,K
"/RIT1 - Predator/RIT1 - Predator, Isaac Asimov's Robots in Time - William F Wu.htm",383.4,K
/RIT1 - Predator/rtp02.jpg,27.35,K
/RIT1 - Predator/rtp03.gif,6.87,K
/RIT1 - Predator/rtp04.gif,10.37,K
/RIT1 - Predator/rtp05.gif,5.08,K
/RIT1 - Predator/rtp06.gif,19.93,K
/RIT1 - Predator/rtp07.gif,8.97,K
/RIT1 - Predator/rtp08.gif,6.77,K
/RIT1 - Predator/rtp09.gif,16.14,K
/RIT1 - Predator/rtp10.gif,19.46,K
/RIT1 - Predator/rtp11.gif,13.23,K
/RIT1 - Predator/rtp12.gif,4.69,K
/RIT1 - Predator/rtp13.gif,18.12,K
/RIT1 - Predator/rtp14.gif,12.42,K
/RIT2 - Marauder/m002.jpg,25.78,K
/RIT2 - Marauder/m003.gif,6.25,K
/RIT2 - Marauder/m004.gif,15.52,K
/RIT2 - Marauder/m005.gif,13.14,K
/RIT2 - Marauder/m006.gif,17.34,K
/RIT2 - Marauder/m007.gif,22.78,K
/RIT2 - Marauder/m008.gif,21.78,K
/RIT2 - Marauder/m009.gif,22.75,K
/RIT2 - Marauder/m010.gif,20.73,K
/RIT2 - Marauder/m011.gif,16.89,K
/RIT2 - Marauder/m012.gif,18.11,K
/RIT2 - Marauder/m013.gif,20.06,K
/RIT2 - Marauder/m014.gif,20.44,K
/RIT2 - Marauder/m015.gif,6.63,K
"/RIT2 - Marauder/RIT2 - Marauder, Isaac Asimov's Robots In Time - cover.jpg",59.47,K
"/RIT2 - Marauder/RIT2 - Marauder, Isaac Asimov's Robots in Time - William F Wu.htm",350.53,K
"/RIT3 - Warrior/RIT3 - Warrior, Isaac Asimov's Robots In Time - cover.jpg",62.36,K
"/RIT3 - Warrior/RIT3 - Warrior, Isaac Asimov's Robots in Time - William F Wu.htm",338.06,K
/RIT3 - Warrior/w002.jpg,25.78,K
/RIT3 - Warrior/w004.jpg,20.03,K
/RIT3 - Warrior/w006.jpg,79.67,K
/RIT3 - Warrior/w008.jpg,66.5,K
/RIT3 - Warrior/w010.jpg,35.07,K
/RIT3 - Warrior/w012.jpg,65.42,K
/RIT3 - Warrior/w014.jpg,61.11,K
/RIT3 - Warrior/w016.jpg,111.45,K
/RIT3 - Warrior/w018.jpg,51.58,K
/RIT3 - Warrior/w020.jpg,41.12,K
/RIT4 - Dictator/di02.jpg,33.62,K
/RIT4 - Dictator/di04.jpg,85.61,K
/RIT4 - Dictator/di06.jpg,98.08,K
/RIT4 - Dictator/di08.jpg,66.12,K
/RIT4 - Dictator/di10.jpg,43.43,K
/RIT4 - Dictator/di12.jpg,106.22,K
/RIT4 - Dictator/di14.jpg,95.15,K
/RIT4 - Dictator/di16.jpg,70.71,K
/RIT4 - Dictator/di18.jpg,75.61,K
/RIT4 - Dictator/di20.jpg,34.39,K
"/RIT4 - Dictator/RIT4 - Dictator, Isaac Asimov's Robots In Time - cover.jpg",64.16,K
"/RIT4 - Dictator/RIT4 - Dictator, Isaac Asimov's Robots in Time - William F Wu.htm",330.04,K
/RIT5 - Emperor/emp02.jpg,24.38,K
/RIT5 - Emperor/emp04.jpg,104.95,K
/RIT5 - Emperor/emp05.gif,11.88,K
/RIT5 - Emperor/emp07.jpg,89.92,K
/RIT5 - Emperor/emp08.gif,7.21,K
/RIT5 - Emperor/emp10.jpg,86.5,K
/RIT5 - Emperor/emp12.jpg,61.02,K
/RIT5 - Emperor/emp14.jpg,87.21,K
/RIT5 - Emperor/emp15.gif,5.5,K
"/RIT5 - Emperor/RIT5 - Emperor, Isaac Asimov's Robots In Time - cover.jpg",60.22,K
"/RIT5 - Emperor/RIT5 - Emperor, Isaac Asimov's Robots in Time - William F Wu.htm",341.43,K
/RIT6 - Invader/inv002.jpg,39.14,K
/RIT6 - Invader/inv004.jpg,37.67,K
/RIT6 - Invader/inv006.jpg,74.19,K
/RIT6 - Invader/inv008.jpg,80.18,K
/RIT6 - Invader/inv010.jpg,92.72,K
/RIT6 - Invader/inv012.jpg,62.44,K
/RIT6 - Invader/inv014.jpg,69.32,K
/RIT6 - Invader/inv016.jpg,52.49,K
/RIT6 - Invader/inv018.jpg,76.13,K
/RIT6 - Invader/inv020.jpg,65.78,K
"/RIT6 - Invader/RIT6 - Invader, Isaac Asimov's Robots In Time - cover.jpg",59.98,K
"/RIT6 - Invader/RIT6 - Invader, Isaac Asimov's Robots in Time - William F Wu.htm",331.99,K
/Robot Dreams/rd02.jpg,7,K
/Robot Dreams/rd04.jpg,6.83,K
/Robot Dreams/rd06.gif,74.14,K
/Robot Dreams/rd08.jpg,8.62,K
/Robot Dreams/rd10.jpg,8.52,K
/Robot Dreams/rd12.jpg,13.84,K
/Robot Dreams/rd15.jpg,17.08,K
/Robot Dreams/rd18.jpg,12.21,K
/Robot Dreams/rd21.jpg,23.67,K
/Robot Dreams/rd24.jpg,21.73,K
/Robot Dreams/rd27.jpg,8.44,K
/Robot Dreams/rd30.jpg,43.7,K
/Robot Dreams/rd34.jpg,22.38,K
/Robot Dreams/rd39.jpg,24.32,K
/Robot Dreams/rd42.jpg,17.45,K
/Robot Dreams/rd46.jpg,18.58,K
/Robot Dreams/rd50.jpg,7,K
/Robot Dreams/Robot Dreams - cover.jpg,58.28,K
/Robot Dreams/Robot Dreams - Isaac Asimov.htm,883.93,K
/Robot Visions/Robot Visions - cover.jpg,53.11,K
/Robot Visions/Robot Visions - Isaac Asimov.htm,933.45,K
/Robot Visions/rv02.jpg,53.06,K
/Robot Visions/rv04.gif,3.22,K
/Robot Visions/rv06.gif,120.22,K
/Robot Visions/rv09.jpg,43.2,K
/Robot Visions/rv12.jpg,43.45,K
/Robot Visions/rv15.jpg,51.67,K
/Robot Visions/rv18.jpg,43.79,K
/Robot Visions/rv22.jpg,45.29,K
/Robot Visions/rv28.jpg,16.94,K
/Robot Visions/rv31.jpg,36.87,K
/Robot Visions/rv38.jpg,20.25,K
/Robot Visions/rv41.jpg,35.67,K
/Robot Visions/rv44.jpg,39.29,K
/Robots and Empire/Robots and Empire - cover.jpg,76.59,K
/Robots and Empire/Robots and Empire - Isaac Asimov.rtf,927.34,K
"/Robots of Dawn/Robots of Dawn, The - cover.jpg",46.41,K
"/Robots of Dawn/Robots of Dawn, The - Isaac Asimov.rtf",922.7,K
/Second Foundation/Second Foundation - Cover.jpg,52.9,K
/Second Foundation/Second Foundation - Isaac Asimov.rtf,464.64,K
"/Stars, Like Dust/Stars, Like Dust, The - cover.jpg",62.12,K
"/Stars, Like Dust/Stars, Like Dust, The - Isaac Asimov.rtf",456.85,K
/Takeoff/Takeoff - cover.jpg,60.19,K
/Takeoff/Takeoff - Randall Garrett.htm,592.99,K
/Takeoff/tko01.gif,11.18,K
/Takeoff/tko02.gif,13.11,K
/Takeoff/tko03.gif,11.82,K
/Takeoff/tko04.gif,14.47,K
/Takeoff/tko05.gif,80.23,K
/Takeoff/tko06.gif,10.66,K
/Takeoff/tko08.jpg,49.35,K
/Takeoff/tko09.gif,12,K
/Takeoff/tko10.gif,9.83,K
/Takeoff/tko11.gif,13.99,K
/Takeoff/tko12.gif,7.6,K
/Takeoff/tko13.gif,4.22,K
/Takeoff/tko14.gif,8.47,K
/Takeoff/tko15.gif,8.21,K
/Takeoff/tko16.gif,4.58,K
/Takeoff/tko17.gif,11.24,K
