Filename,Size,Unit
/2 Fast 2 Furious/2_Fast_2_Furious_Danish-front.jpg,504.88,K
/3.10 To Yuma/310ToYumaf1_original.jpg,2.36,M
/3.10 To Yuma/310_To_Yuma_2007_Widescreen_R2-[cdcovers_cc]-cd1.jpg,476.53,K
/3.10 To Yuma/310_To_Yuma_2007_Widescreen_R2-[cdcovers_cc]-cd2.jpg,902.03,K
/3.10 To Yuma/310_To_Yuma_2007_Widescreen_R2-[cdcovers_cc]-front.jpg,1.78,M
/300/300_Custom-[cdcovers_cc]-cd1.jpg,109.56,K
/300/300_Custom-[cdcovers_cc]-front.jpg,324.85,K
/60 Seconds/60_Seconds-front.jpg,487.48,K
/A Beautiful Mind/A_Beautiful_Mind_Danish-[cdcovers_cc]-front.jpg,208.77,K
/A History Of Violence/A_History_Of_Violence_Danish-front.jpg,529.68,K
/Ace Ventura - Pet Detective/Ace Ventura Pet Detective Danish-front.jpg,413.8,K
/Ace Ventura - Pet Detective/Ace Ventura Pet Detective-cd.jpg,114.08,K
/Ace Ventura - Pet Detective/Ace Ventura-front.jpg,340.09,K
/Ace Ventura - Pet Detective/Ace_Ventura_When_Nature_Calls-front.jpg,469.58,K
/Ali/Muhammad_Ali_Danish-[cdcovers_cc]-front.jpg,153.51,K
/Ali G/Ali_G_Aiii-front.jpg,360.52,K
/American History X/American_History_X-cd.jpg,98.54,K
/American History X/American_History_X-front.jpg,306.81,K
/American History X/American_History_X_Danish-front.jpg,319.35,K
/An American Hunting/An_American_Haunting_Uk_custom-front.jpg,338.91,K
/Anaconda - The Hunt For The Blood Orchid/Anacondas_The_Hunt_For_The_Blood_Orchid-[cdcovers_cc]-cd1.jpg,286.92,K
/Anaconda - The Hunt For The Blood Orchid/Anacondas_The_Hunt_For_The_Blood_Orchid_Danish-[cdcovers_cc]-front.jpg,452.64,K
/Analyze That/Analyze_That_Danish-[cdcovers_cc]-front.jpg,293.64,K
/Anger Management/Anger_Management_Danish-front.jpg,253.55,K
/Anja & Victor/Anja & Victor Brændende Kærlighed Label.jpg,1.17,M
/Anja & Victor/Anja_After_Victor_Danish-front.jpg,410.47,K
/Anja & Victor/Anja_Og_Viktor_4_Brændende_Kærlighed_Danish_R2_Custom-[cdcovers_cc]-front.jpg,1003.59,K
/Anja & Victor/Anja_Og_Viktor_Brændende_Kærlighed_Danish_R2-[cdcovers_cc]-front.jpg,2.71,M
/Bad Boys 1-2/Bad_Boys_2_Danish-[cdcovers_cc]-cd1.jpg,186.68,K
/Bad Boys 1-2/Bad_Boys_2_Danish-[cdcovers_cc]-front.jpg,173.17,K
/Bad Boys 1-2/Bad_Boys_Danish-[cdcovers_cc]-cd1.jpg,219.15,K
/Bad Boys 1-2/Bad_Boys_Danish-[cdcovers_cc]-front.jpg,337.07,K
/Bagland/Bagland_Danish-[cdcovers_cc]-front.jpg,432.62,K
/Band Of Brothers/Band_Of_Brothers_Dvd_1-front.jpg,185.63,K
/Band Of Brothers/Band_Of_Brothers_Dvd_2-front.jpg,184.61,K
/Band Of Brothers/Band_Of_Brothers_Dvd_3-front.jpg,189.88,K
/Band Of Brothers/Band_Of_Brothers_Dvd_4-front.jpg,165.67,K
/Band Of Brothers/Band_Of_Brothers_Dvd_5-front.jpg,173.59,K
/Band Of Brothers/Band_Of_Brothers_Dvd_6-front.jpg,188.18,K
/Basic/Basic_Danish-[cdcovers_cc]-front.jpg,214.18,K
/Batman/Batman & Robin.JPG,537.72,K
/Batman/Batman forever.JPG,497.6,K
/Batman/Batman returns.JPG,472.59,K
/Batman/Batman.JPG,445.54,K
/Batman/Batman_Begins_Danish-front.jpg,203.17,K
/Batman Begins/Batman_Begins_Danish-front.jpg,203.17,K
/Big Mommas House 2/Big_Mommas_House_2_Danish-front.jpg,433.74,K
/Black and White/Black_And_White-[cdcovers_cc]-front.jpg,482.35,K
/Blade 2/Blade_2_Danish-front.jpg,189.27,K
/Borat/Borat_Danish_R2-[cdcovers_cc]-front.jpg,808.51,K
/Bowling For Columbine/Bowling_For_Columbine_Danish-[cdcovers_cc]-front.jpg,193.27,K
/Braveheart/Braveheart.JPG,193.93,K
/Bridget Jones 2/Bridget Jones 2.jpg,368.33,K
/Brother Bear 2/Brother_Bear_2_Danish_custom-front.jpg,1.07,M
/Bruce Almighty/Bruce_Almighty_Danish-front.jpg,319.25,K
/Cars/Cars-[cdcovers_cc]-cd1.jpg,279.41,K
/Cars/Cars-[cdcovers_cc]-front.jpg,818.22,K
/Cars/Cars_Danish-[cdcovers_cc]-cd1.jpg,148.85,K
/Cars/Cars_Danish-[cdcovers_cc]-front.jpg,521.35,K
/Casino Royal/Casino_Royale_2006_Danish_R2_Custom-[cdcovers_cc]-front.jpg,281.8,K
/Casino Royal/Casino_Royal_R4-[cdcovers_cc]-front.jpg,1.28,M
/Casino Royal/Casino_Royal_Thinpack_R2_Custom-[cdcovers_cc]-front.jpg,874.05,K
/cast away/cast away.jpg,151.78,K
/Chicken Little/Chicken_Little_Danish-front.jpg,619.3,K
/Children Of Men/Children_Of_Men_Custom-[cdcovers_cc]-cd1.jpg,160.39,K
/Children Of Men/Children_Of_Men_Custom-[cdcovers_cc]-front.jpg,1.21,M
/Chocolat/Chocolat_Danish-[cdcovers_cc]-cd1.jpg,248.34,K
/Chocolat/Chocolat_Danish-[cdcovers_cc]-cd2.jpg,245.93,K
/Chocolat/Chocolat_Danish-[cdcovers_cc]-front.jpg,382.89,K
/Click/Click-cd.jpg,283.98,K
/Click/Click-front.jpg,476.34,K
/Clown Season 1-2/Clown_Season_1_Danish-front.jpg,286.56,K
/Clown Season 1-2/Clown_Season_2_Danish_custom-front.jpg,174.47,K
/Con Air/Con_Air_Danish-front.jpg,381.35,K
/Crash/Crash_Danish-front.jpg,510.38,K
/Daddy Day Care/Daddy_Day_Care_Danish-[cdcovers_cc]-front.jpg,345.16,K
/Danny The Dog/Danny_The_Dog_Swedish-front.jpg,390.24,K
/Daredevil/Daredevil_Danish-[cdcovers_cc]-cd1.jpg,175.35,K
/Daredevil/Daredevil_Danish-[cdcovers_cc]-front.jpg,222.1,K
/De Andres Liv/De_Andres_Liv_Danish_Custom-[cdcovers_cc]-front.jpg,878.52,K
/De Grønne Slagtere/The_Green_Butchers_Danish-front.jpg,389.73,K
/Dead Pets society/Dead Poets Society-cd1.jpg,73.12,K
/Dead Pets society/Dead Poets Society-front.jpg,330.39,K
/Dead Pets society/Dead Poets Society-inlay.jpg,196.24,K
/Deerhunter/Deerhunter_Danish-front.jpg,676.37,K
/Delores Claiborne/Delores_Claiborne-[cdcovers_cc]-front.jpg,242.94,K
/Den Gode Strømer/Den_Gode_Stromer_Danish-[cdcovers_cc]-cd1.jpg,1.46,M
/Den Gode Strømer/Den_Gode_Stromer_Danish-[cdcovers_cc]-front.jpg,3.61,M
/Den Kroniske Uskyld/Den_Kroniske_Uskyld_Danish-[cdcovers_cc]-cd1.jpg,1.47,M
/Den Kroniske Uskyld/Den_Kroniske_Uskyld_Danish-[cdcovers_cc]-front.jpg,4.18,M
/Den Store Badedag/Den_store_badedag_r2_Danish_scan_KINGPINDK.jpg,1.03,M
/Derailed/Derailed_2005_Uk_custom-front.jpg,468.37,K
/Die Another Day/Die_Another_Day_Danish-[cdcovers_cc]-cd1.jpg,211.16,K
/Die Another Day/Die_Another_Day_Danish-[cdcovers_cc]-cd2.jpg,280.54,K
/Die Another Day/Die_Another_Day_Danish-[cdcovers_cc]-front.jpg,378.33,K
/Die Another Day/Die_Another_Day_Danish-[cdcovers_cc]-inlay.jpg,202.9,K
/Die Hard 4.0/Die_Hard_4_o_Orgianal_Cover_R2-[cdcovers_cc]-cd1.jpg,407.52,K
/Die Hard 4.0/Die_Hard_4_o_Orgianal_Cover_R2-[cdcovers_cc]-front.jpg,1.34,M
/Dogville/Dogville_Danish-[cdcovers_cc]-cd1.jpg,201.04,K
/Dogville/Dogville_Danish-[cdcovers_cc]-front.jpg,316.7,K
/Doom/Doom_Danish-front.jpg,672.51,K
/Dr Dolittle/Dr_Dolittle-cd.jpg,158.42,K
/Dr Dolittle/Dr_Dolittle-front.jpg,286.1,K
/Dr Dolittle/Dr_Dolittle_2-cd.jpg,163.05,K
/Dr Dolittle/Dr_Dolittle_2-front.jpg,350.5,K
/Dr Dolittle/Dr_Dolittle_3_Danish-cd.jpg,175.9,K
/Dr Dolittle/Dr_Dolittle_3_Danish-front.jpg,382.51,K
/Dr Dolittle/Thumbs.db,31.5,K
/Drømmen/Drommen_Danish-[cdcovers_cc]-front.jpg,3.43,M
/Dumb And Dumberer/Dumb_And_Dumber_Danish-[cdcovers_cc]-front.jpg,403.92,K
/Dumb And Dumberer/Thumbs.db,7,K
/Eliten/Eliten.jpg,404.64,K
/Eliten/Thumbs.db,4.5,K
/En Verden Udenfor/The_Shawshank_Redemption_Danish-[cdcovers_cc]-cd1.jpg,247.35,K
/En Verden Udenfor/The_Shawshank_Redemption_Danish-[cdcovers_cc]-front.jpg,377.59,K
/Enemy At The Gates/Enemy_At_The_Gates_Danish-[cdcovers_cc]-front.jpg,335.43,K
/Enemy of The State/Enemy_Of_The_State_Danish-[cdcovers_cc]-front.jpg,430.93,K
/Epic Movie/Epic_Movie_R1-[cdcovers_cc]-front.jpg,595.55,K
/Equilibrium/Equilibrium-cd.jpg,162.35,K
/Equilibrium/Equilibrium-custom-front.jpg,178.14,K
/Equilibrium/Equilibrium-front.jpg,297,K
/Eragon/fear-eragon.jpg,1.66,M
/Eragon/Thumbs.db,7.5,K
/Eurotrip/Eurotrip_Danish-front.jpg,388.22,K
/Eurotrip/Thumbs.db,7,K
/Evan Den Almægtige/Evan_Almigty_Danish_R2_Custom-[cdcovers_cc]-front.jpg,479.32,K
/Failure To Launch/Failure_To_Launch_Uk_Widescreen_Edition-front.jpg,378.87,K
/Far Til Fire/Far_Til_Fire_Danish-front.jpg,199.27,K
/Fast and Furious/The_Fast_And_The_Furious_Danish-[cdcovers_cc]-front.jpg,232.74,K
/Flight 93/Flight_93_custom-front.jpg,407.84,K
/Flyboys/Flyboys_Custom-[cdcovers_cc]-cd1.jpg,280.71,K
/Flyboys/Flyboys_Custom-[cdcovers_cc]-front.jpg,498.17,K
/Flyboys/Flyboys_Widescreen_R1-[cdcovers_cc]-cd1.jpg,240.11,K
/Flyboys/Flyboys_Widescreen_R1-[cdcovers_cc]-front.jpg,1.44,M
/Foreign Legion/Foreign Legion [Laserligt video 80574]VHS-xsi.jpg,1.78,M
/Foreign Legion/Thumbs.db,8,K
/Forest Gump/Forest_Gump_Widescreen_custom-front.jpg,277.51,K
/Forever Young/Forever_Young_Danish-[cdcovers_cc]-front.jpg,377.74,K
/Free Willy/27889-4.jpg,264.19,K
/Free Willy/27897-4.jpg,245.3,K
/Free Willy/27902-4.jpg,201.85,K
/Free Willy/free_willy_2_ danish_front.jpg,458.17,K
/Free Willy/free_willy_3_Danish_front.jpg,452.13,K
/Free Willy/free_willy_danish_front.jpg,384.9,K
/Free Willy/Thumbs.db,30,K
/Fuld Af Løgn/Liar_Liar_Danish-[cdcovers_cc]-front.jpg,326.82,K
/Full Metal Jacket/Full_Metal_Jacket_Danish-[cdcovers_cc]-front.jpg,352.08,K
/Født d. 4 Juli/Born_On_The_Fourth_Of_July_Danish-[cdcovers_cc]-front.jpg,345.24,K
/G.I. Jane/Gi_Jane-[cdcovers_cc]-cd1.jpg,81.81,K
/G.I. Jane/Gi_Jane-[cdcovers_cc]-front.jpg,214.88,K
/Gamle Mænd I Nye Biler/Old_Men_In_New_Cars_Danish-[cdcovers_cc]-cd1.jpg,181.08,K
/Gamle Mænd I Nye Biler/Old_Men_In_New_Cars_Danish-[cdcovers_cc]-front.jpg,361.28,K
/Garfield The Movie/Garfield_The_Movie_Danish-front.jpg,426.07,K
/Ghost Ship/Ghost_Ship_Danish-front.jpg,336.39,K
/Ghostrider - Goes Crazy In Europe/Ghostrider_3_Goes_Crazy_In_Europa-[cdcovers_cc]-front.jpg,305.56,K
/Ghostrider 4 Goes Undercover/ghost.rider.4.goes.undercover.dvd-front.jpg,1.82,M
/Godfather Collection/The_Godfather_Part_1_Danish-[cdcovers_cc]-cd1.jpg,174.12,K
/Godfather Collection/The_Godfather_Part_1_Danish-[cdcovers_cc]-front.jpg,315.86,K
/Godfather Collection/The_Godfather_Part_2_Danish-[cdcovers_cc]-cd1.jpg,166.89,K
/Godfather Collection/The_Godfather_Part_2_Danish-[cdcovers_cc]-front.jpg,276.82,K
/Godfather Collection/The_Godfather_Part_3_Danish-[cdcovers_cc]-cd1.jpg,148.96,K
/Godfather Collection/The_Godfather_Part_3_Danish-[cdcovers_cc]-front.jpg,372.35,K
/Goodbye Bafana/Goodbye_Bafana_R2_Thinpack_Custom-[cdcovers_cc]-front.jpg,592.2,K
/Grease/Grease_Danish_R2-[cdcovers_cc]-front.jpg,229.47,K
/Hal´s Store Kærlighed/Shallow_Hal_Danish-[cdcovers_cc]-front.jpg,263.72,K
/Hannibal/Hannibal_Danish-[cdcovers_cc]-cd1.jpg,85.78,K
/Hannibal/Hannibal_Danish-[cdcovers_cc]-front.jpg,215.65,K
/Hannibal Rising/Hannibal_Rising_Danish_R2_Custom-[cdcovers_cc]-front.jpg,381.21,K
/Harry Potter/Harry_Potter_And_The_Chamber_Of_Secrets_Danish-[cdcovers_cc]-cd1.jpg,201.5,K
/Harry Potter/Harry_Potter_And_The_Goblet_Of_Fire_2_Disc_Danish-[cdcovers_cc]-cd1.jpg,329.56,K
/Harry Potter/Harry_Potter_And_The_Philosophers_Stone_Danish-[cdcovers_cc]-cd1.jpg,181.98,K
/Harry Potter/Harry_Potter_And_The_Prisoner_Of_Azkaban_Danish-[cdcovers_cc]-cd1.jpg,200.15,K
/Harry Potter 2/Harry_Potter_And_The_Chamber_Of_Secrets_Danish-[cdcovers_cc]-front.jpg,387.06,K
/Heat/Heat_1995-[cdcovers_cc]-front.jpg,295.17,K
/Home Of The Brave/Home_Of_The_Brave_Widescreen_R2-[cdcovers_cc]-cd1.jpg,414.54,K
/Home Of The Brave/Home_Of_The_Brave_Widescreen_R2-[cdcovers_cc]-front.jpg,1.56,M
/Home Of The Brave/Home_Of_The_Brave_Widescreen_R2-[cdcovers_cc]-inlay.jpg,653.81,K
/Hot Fuzz/Hot-Fuzz-cover.jpg,1.42,M
/Huset På Christianshavn/Huset på christianshavn 1.JPG,283.67,K
/Huset På Christianshavn/Huset på christianshavn 10.JPG,287.25,K
/Huset På Christianshavn/Huset på christianshavn 11.JPG,275.97,K
/Huset På Christianshavn/Huset på christianshavn 12.JPG,260.68,K
/Huset På Christianshavn/Huset på christianshavn 13.JPG,265.71,K
/Huset På Christianshavn/Huset på christianshavn 14.JPG,277.46,K
/Huset På Christianshavn/Huset på christianshavn 15.JPG,277.56,K
/Huset På Christianshavn/Huset på christianshavn 16.JPG,231.36,K
/Huset På Christianshavn/Huset på christianshavn 17.JPG,200.4,K
/Huset På Christianshavn/Huset på christianshavn 18.JPG,222.9,K
/Huset På Christianshavn/Huset på christianshavn 19.JPG,239.28,K
/Huset På Christianshavn/Huset på christianshavn 2.JPG,310.47,K
/Huset På Christianshavn/Huset på christianshavn 20.JPG,277.36,K
/Huset På Christianshavn/Huset på christianshavn 21.JPG,243.43,K
/Huset På Christianshavn/Huset på christianshavn 3.JPG,294.11,K
/Huset På Christianshavn/Huset på christianshavn 4.JPG,295.67,K
/Huset På Christianshavn/Huset på christianshavn 5.JPG,279.41,K
/Huset På Christianshavn/Huset på christianshavn 6.JPG,283.63,K
/Huset På Christianshavn/Huset på christianshavn 7.JPG,296.59,K
/Huset På Christianshavn/Huset på christianshavn 8.JPG,279.25,K
/Huset På Christianshavn/Huset på christianshavn 9.JPG,272.65,K
/I Kina spiser de hunde/I%20Kina%20Spiser%20De%20Hunde_Cover_Danish.jpg,1.98,M
/I Now Pronounce You Chuck And Larry/I_Now_Pronounce_You_Chuck_And_Larry_Custom-[cdcovers_cc]-front.jpg,268.31,K
/I Robot/I_Robot_Danish-[cdcovers_cc]-cd1.jpg,186.25,K
/I Robot/I_Robot_Danish-[cdcovers_cc]-front.jpg,326.78,K
/Ice Age/Ice_Age_2_Danish_custom-cd.jpg,337.75,K
/Ice Age/Ice_Age_2_Danish_custom-front.jpg,379.79,K
/Ice Age/Ice_Age_Danish-front.jpg,503.13,K
/Ice Age/Thumbs.db,17.5,K
/Indiana Jones/Indiana jones - Bonusmatriale.JPG,364.68,K
/Indiana Jones/Indiana jones og det sidste korstog.JPG,377.6,K
/Indiana Jones/Indiana jones og jagten på den forsvundene skat.JPG,363.04,K
/Indiana Jones/Indiana jones og templets forbandelse.JPG,369.33,K
/Indiana Jones/Thumbs.db,18,K
/Inside Man/Inside_Man_Danish-front.jpg,460.59,K
/Inside Man/Inside_Man_Widescreen_Uk-inlay.jpg,701.09,K
/Interview with the Wampire/Interview_With_The__Vampire-[cdcovers_cc]-front.jpg,325.62,K
/Jackass - The Movie/Jackass_the_Movie_r1_scan.jpg,3.63,M
/Jarhead/Jarhead_Danish-front.jpg,392.85,K
/John Q/John_Q_Danish-[cdcovers_cc]-front.jpg,413.31,K
/Ju On - The Grudge/Ju_On_The_Grudge-front.jpg,211.61,K
/Ju On - The Grudge/Ju_On_The_Grudge_2_Danish-front.jpg,454.86,K
/Ju On - The Grudge/Thumbs.db,10.5,K
/Jullerup Færgeby/Jullerup Færgeby - Disc 1.JPG,916.58,K
/Jullerup Færgeby/Jullerup Færgeby - Disc 2.JPG,968.72,K
/Jullerup Færgeby/Jullerup Færgeby - DKCover copy.jpg,11.95,M
/Jurassic Park/Jurassic_Park-front.jpg,279.09,K
/Jurassic Park/Jurassic_Park_2_Danish-front.jpg,432.68,K
/Jurassic Park/Jurassic_Park_3_Danish-front.jpg,237.29,K
/Jurassic Park/Thumbs.db,14,K
/K Pax/K_Pax_Danish_R2_Custom-[cdcovers_cc]-front.jpg,327.63,K
/K-Pax/K_Pax_Danish_R2_Custom-[cdcovers_cc]-front.jpg,327.63,K
/Kill Bill 1-2/Kill_Bill_Volume_1_Danish-[cdcovers_cc]-cd1.jpg,196.76,K
/Kill Bill 1-2/Kill_Bill_Volume_2-[cdcovers_cc]-front.jpg,342.69,K
/Kill Bill 1-2/Kill_Bill_Volume_2_Danish-[cdcovers_cc]-cd1.jpg,138.5,K
/Kill Bill 1-2/Kill_Bill_Volume_2_Danish-[cdcovers_cc]-front.jpg,338.07,K
/King Kong/King_Kong_2005_Danish-front.jpg,439.94,K
/Kingdom Of Heaven/Kingdom_Of_Heaven_Danish-front.jpg,312.18,K
/Kongekabale/Kongekabale_Danish-[cdcovers_cc]-front.jpg,2.73,M
/Krøniken/Krøniken 1 og 2.JPG,357.75,K
/Krøniken/Krøniken 3 og 4.JPG,340.53,K
/Krøniken/Krøniken 5 og 6.JPG,294.23,K
/Krøniken/Krøniken 7 og 8.JPG,307.71,K
/Krøniken/Krøniken del 1 - 3.JPG,5.83,M
/Krøniken/Krøniken del 10.JPG,4.47,M
/Krøniken/Krøniken del 4 - 6.JPG,5.48,M
/Krøniken/Krøniken del 7 - 9.JPG,5.62,M
/Kunsten At Graede I Kor/Kunsten_At_Græde_I_Kor_Danish_R2-[cdcovers_cc]-cd1.jpg,536.05,K
/Kunsten At Graede I Kor/Kunsten_At_Græde_I_Kor_Danish_R2-[cdcovers_cc]-front.jpg,1.62,M
/Leathal Weapon/Dødbringende våben 2.JPG,358.22,K
/Leathal Weapon/Dødbringende våben 3.JPG,343.96,K
/Leathal Weapon/Dødbringende våben 4.JPG,348.62,K
/Leathal Weapon/Dødbringende våben.JPG,374.36,K
/Leathal Weapon/Thumbs.db,20.5,K
/Lion King 3/The_Lion_King_3-[cdcovers_cc]-front.jpg,482.4,K
/Lion King 3/Thumbs.db,6,K
/Lord Of The Rings/The_Lord_Of_The_Rings_The_Two_Towers_Danish-[cdcovers_cc]-cd1.jpg,114.48,K
/Lord Of The Rings/The_Lord_Of_The_Rings_The_Two_Towers_Danish-[cdcovers_cc]-front.jpg,196.81,K
/Lord Of War/Lord_Of_War_Danish-front.jpg,414.64,K
/Lucky Number Slevin/Lucky_Number_Slevin_Danish-[cdcovers_cc]-cd1.jpg,199.56,K
/Lucky Number Slevin/Lucky_Number_Slevin_Danish-[cdcovers_cc]-front.jpg,235.22,K
/Madagascar/Madagascar_Danish-front.jpg,636.12,K
/Mars Attacks/Mars_Attacks-[cdcovers_cc]-front.jpg,357.65,K
/Mars Attacks/Mars_Attacks_Danish-[cdcovers_cc]-front.jpg,285.39,K
/Master and Commander/Master_And_Commander_Danish-[cdcovers_cc]-front.jpg,394.38,K
/Matador/Matador 1 og 2.JPG,209.85,K
/Matador/Matador 11 og 12.JPG,213.24,K
/Matador/Matador 13 og 14.JPG,211.79,K
/Matador/Matador 15 og 16.JPG,216.05,K
/Matador/Matador 17 og 18.JPG,212.97,K
/Matador/Matador 19 og 20.JPG,216.88,K
/Matador/Matador 21 og 22.JPG,209.16,K
/Matador/Matador 23 og 24.JPG,214.77,K
/Matador/Matador 3 og 4.JPG,209.09,K
/Matador/Matador 5 og 6.JPG,205.2,K
/Matador/Matador 7 og 8.JPG,211.38,K
/Matador/Matador 9 og 10.JPG,211.04,K
/Matador/max1121431063-frontback-cover.jpg,2.71,M
/Matador/max1121431239-frontback-cover.jpg,2.73,M
/Matador/max1121431415-frontback-cover.jpg,2.72,M
/Matador/max1121431592-frontback-cover.jpg,2.72,M
/Matador/max1121431797-frontback-cover.jpg,2.72,M
/Matador/max1121431986-frontback-cover.jpg,2.71,M
/Matador/Thumbs.db,23,K
/Matrix/Matrix-front.jpg,477.58,K
/Matrix/Matrix_3_Revolutions-front.jpg,268.49,K
/Matrix/Matrix_Reloaded-front.jpg,406.8,K
/Matrix/Thumbs.db,14.5,K
/Memphis Belle/Memphis_Belle_Danish-[cdcovers_cc]-cd1.jpg,139.37,K
/Memphis Belle/Memphis_Belle_Danish-[cdcovers_cc]-front.jpg,317.07,K
/Midsommer/Midsommer-front.jpg,168.23,K
/Mine Søsters Børn/Min Soesters Boern i Sneen [COVER].jpg,1.95,M
/Mine Søsters Børn/Min_Soesters_Boern_Danish-front.jpg,217.37,K
/Mine Søsters Børn/Min_sosters_born_naar_de_er_vaerst_r2_Danish_cstm_sopp_sopp.jpg,3.12,M
/Mine Søsters Børn/Min_sosters_born_poe_bryllupsrejse_r2_Danish_cstm_me_me.jpg,3.21,M
/Mine Søsters Børn/Min_sosters_born_vaelter_byen_r2_Danish_cstm_sopp_sopp.jpg,3.32,M
/Mine Søsters Børn/Thumbs.db,26,K
/Minority Report/Minority_Report_Danish-front.jpg,197.41,K
/Mission Impossible/Mission_Impossible_2_Danish-front.jpg,200.13,K
/Mission Impossible/Mission_Impossible_3-front.jpg,443.33,K
/Mission Impossible/Mission_Impossible_Danish-front.jpg,197.78,K
/Mission Impossible/Thumbs.db,15.5,K
/Monsters INC/Monsters_Inc_Danish-front.jpg,400.83,K
/Mr And Mrs Smith/Mr_And_Mrs_Smith_Danish-front.jpg,449.58,K
/Munich/Munich_Danish-[cdcovers_cc]-front.jpg,349.26,K
/Music And Lyrics/Music_And_Lyrics_Custom-[cdcovers_cc]-front.jpg,524.68,K
/Mænd af Ære/Men_Of_Honor_Danish-[cdcovers_cc]-front.jpg,364.98,K
/National Treasure/National_Treasure_Danish-front.jpg,424.92,K
/Next/Next_2007_R1_Custom-[cdcovers_cc]-front.jpg,1.26,M
/Next/Next_Custom-[cdcovers_cc]-front.jpg,416.59,K
/Night At The Museum/Night_At_The_Museum_Danish_R2-[cdcovers_cc]-front.jpg,1.16,M
/Night At The Museum/Night_At_The_Museum_Danish_R2_Custom-[cdcovers_cc]-cd1.jpg,230.43,K
/Not Another Teen Movie/Not_Another_Teen_Movie_Danish-front.jpg,450.25,K
/Nynne/Nynne-[cdcovers_cc]-front.jpg,293.64,K
/Når du mindst venter det/Somethings_Gotta_Give_Danish-[cdcovers_cc]-front.jpg,333.59,K
/Ocean 13/oceans%2013_cstm_cover.jpg,3.47,M
/Ocean's Twelve/Oceans_Twelve_Danish-[cdcovers_cc]-front.jpg,435.61,K
/Okay/Okay_Danish-front.jpg,375.86,K
/Olsen Banden 1-14/Olsen_Banden_-_01_-_Olsen_Banden_Danish_R2-[cdcovers_cc]-cd1.jpg,575.95,K
/Olsen Banden 1-14/Olsen_Banden_-_01_-_Olsen_Banden_Danish_R2-[cdcovers_cc]-front.jpg,910.86,K
/Olsen Banden 1-14/Olsen_Banden_-_02_-_Pa_Spanden_Danish_R2-[cdcovers_cc]-cd1.jpg,1.8,M
/Olsen Banden 1-14/Olsen_Banden_-_02_-_Pa_Spanden_Danish_R2-[cdcovers_cc]-front.jpg,1.34,M
/Olsen Banden 1-14/Olsen_Banden_-_03_-_I_Jylland_Danish_R2-[cdcovers_cc]-cd1.jpg,1.46,M
/Olsen Banden 1-14/Olsen_Banden_-_03_-_I_Jylland_Danish_R2-[cdcovers_cc]-front.jpg,1.33,M
/Olsen Banden 1-14/Olsen_Banden_-_04_-_Store_Kup_Danish_R2-[cdcovers_cc]-cd1.jpg,1.32,M
/Olsen Banden 1-14/Olsen_Banden_-_04_-_Store_Kup_Danish_R2-[cdcovers_cc]-front.jpg,1.1,M
/Olsen Banden 1-14/Olsen_Banden_-_05_-_Gar_Amok_Danish_R2-[cdcovers_cc]-cd1.jpg,1.51,M
/Olsen Banden 1-14/Olsen_Banden_-_05_-_Gar_Amok_Danish_R2-[cdcovers_cc]-front.jpg,1.26,M
/Olsen Banden 1-14/Olsen_Banden_-_06_-_Sidste_Bedrifter_Danish_R2-[cdcovers_cc]-cd1.jpg,1.94,M
/Olsen Banden 1-14/Olsen_Banden_-_06_-_Sidste_Bedrifter_Danish_R2-[cdcovers_cc]-front.jpg,1.43,M
/Olsen Banden 1-14/Olsen_Banden_-_07_-_Pa_Sporet_Danish_R2-[cdcovers_cc]-cd1.jpg,2.44,M
/Olsen Banden 1-14/Olsen_Banden_-_07_-_Pa_Sporet_Danish_R2-[cdcovers_cc]-front.jpg,1.62,M
/Olsen Banden 1-14/Olsen_Banden_-_08_-_Ser_Rodt_Danish_R2-[cdcovers_cc]-cd1.jpg,659.56,K
/Olsen Banden 1-14/Olsen_Banden_-_08_-_Ser_Rodt_Danish_R2-[cdcovers_cc]-front.jpg,1.29,M
/Olsen Banden 1-14/Olsen_Banden_-_09_-_Deruda_Danish_R2-[cdcovers_cc]-cd1.jpg,729.78,K
/Olsen Banden 1-14/Olsen_Banden_-_09_-_Deruda_Danish_R2-[cdcovers_cc]-front.jpg,1.39,M
/Olsen Banden 1-14/Olsen_Banden_-_10_-_Gar_I_Krig_Danish_R2-[cdcovers_cc]-cd1.jpg,602.33,K
/Olsen Banden 1-14/Olsen_Banden_-_10_-_Gar_I_Krig_Danish_R2-[cdcovers_cc]-front.jpg,1.43,M
/Olsen Banden 1-14/Olsen_Banden_-_11_-_Overgiver_Sig_Aldrig_Danish_R2-[cdcovers_cc]-cd1.jpg,474.5,K
/Olsen Banden 1-14/Olsen_Banden_-_11_-_Overgiver_Sig_Aldrig_Danish_R2-[cdcovers_cc]-front.jpg,1.16,M
/Olsen Banden 1-14/Olsen_Banden_-_12_-_Flugt_Over_Plankevaerket_Danish_R2-[cdcovers_cc]-cd1.jpg,785.42,K
/Olsen Banden 1-14/Olsen_Banden_-_12_-_Flugt_Over_Plankevaerket_Danish_R2-[cdcovers_cc]-front.jpg,1.54,M
/Olsen Banden 1-14/Olsen_Banden_-_13_-_Over_Alle_Bjerge_Danish_R2-[cdcovers_cc]-cd1.jpg,642.82,K
/Olsen Banden 1-14/Olsen_Banden_-_13_-_Over_Alle_Bjerge_Danish_R2-[cdcovers_cc]-front.jpg,1.36,M
/Olsen Banden 1-14/Olsen_Banden_-_14_-_Sidste_Stik_Danish_R2-[cdcovers_cc]-cd1.jpg,837.48,K
/Olsen Banden 1-14/Olsen_Banden_-_14_-_Sidste_Stik_Danish_R2-[cdcovers_cc]-front.jpg,1.65,M
/Olsen Banden 1-14/Thumbs.db,166.5,K
/Ondskabens Øjne/The_Silence_Of_The_Lambs_Danish-[cdcovers_cc]-cd1.jpg,252.65,K
/Ondskabens Øjne/The_Silence_Of_The_Lambs_Danish-[cdcovers_cc]-front.jpg,400.99,K
/Open Hearts/Open_Hearts_Danish-front.jpg,441.56,K
/Open Hearts/Thumbs.db,7,K
/Patch Adams/Patch_Adams-[cdcovers_cc]-cd1.jpg,90.66,K
/Patch Adams/Patch_Adams-[cdcovers_cc]-front.jpg,303.56,K
/Patch Adams/Patch_Adams_Danish-[cdcovers_cc]-cd1.jpg,197.28,K
/Patch Adams/Patch_Adams_Danish-[cdcovers_cc]-front.jpg,370.7,K
/Pirates Of The Caribbean - Dead Mans Chest/pirates_of_the_caribbean-dead_mans_chest-label.jpg,504.77,K
/Pirates Of The Caribbean - Dead Mans Chest/Pirates_Of_The_Caribbean_2_Dead_Mans_Chest_custom-front.jpg,405.41,K
/Pirates Of The Caribbean - Dead Mans Chest/Thumbs.db,12.5,K
/Pirates Of The Caribbean - Ved Verdens Ende/NFO.nfo,145,B
/Pirates Of The Caribbean - Ved Verdens Ende/Pirates.of.the.caribbean.ved.verdens.ende.2disc.dk.dvdcover..jpg,4.38,M
/Pirates Of The Caribbean - Ved Verdens Ende/Pirates.of.the.caribbean.ved.verdens.ende.dk.dvdlabel1..jpg,915.08,K
/Pirates Of The Caribbean - Ved Verdens Ende/Pirates.of.the.caribbean.ved.verdens.ende.dk.dvdlabel2..jpg,914.17,K
/Pirates Of The Caribbean - Ved Verdens Ende/SFV.sfv,661,B
/Pirates Of The Carinbean/Pirates_Of_The_Caribbean_Danish-front.jpg,184.73,K
/Planet earth/Planet_Earth1.jpg,474.12,K
/Planet earth/Planet_Earth2.jpg,523.32,K
/Planet earth/Planet_Earth3.jpg,527.44,K
/Planet earth/Planet_Earth4.jpg,502.42,K
/Planet earth/Planet_Earth5.jpg,518.58,K
/Planet earth/Thumbs.db,22.5,K
/Planet Of The Apes/Planet_Of_The_Apes_Danish-front.jpg,421.98,K
/Platoon/Platoon_Danish-[cdcovers_cc]-front.jpg,218.21,K
/Point Break/Point_Break_Danish-[cdcovers_cc]-front.jpg,240.21,K
/Prag/Prag_Danish_R2-[cdcovers_cc]-cd1.jpg,1.65,M
/Prag/Prag_Danish_R2-[cdcovers_cc]-front.jpg,877.92,K
/Primary Colors/pc.int.c13-Cover.jpg,1.37,M
/Primary Colors/pc.int.c13-Disc.jpg,911.21,K
/Rat Race/Rat_Race_Danish-front.jpg,241.43,K
/Read Eye/Red_Eye_Danish-front.jpg,358.15,K
/Rejseholdet/Rejseholdet 1.JPG,830.2,K
/Rejseholdet/Rejseholdet 10.JPG,406.57,K
/Rejseholdet/Rejseholdet 2.JPG,512.69,K
/Rejseholdet/Rejseholdet 3.JPG,528.34,K
/Rejseholdet/Rejseholdet 4.JPG,299.18,K
/Rejseholdet/Rejseholdet 5.JPG,401.03,K
/Rejseholdet/Rejseholdet 6.JPG,314.85,K
/Rejseholdet/Rejseholdet 7.JPG,567.78,K
/Rejseholdet/Rejseholdet 8.JPG,553.67,K
/Rejseholdet/Rejseholdet 9.JPG,420.69,K
/Rembrandt/Rembrandt_Danish-[cdcovers_cc]-cd1.jpg,181.91,K
/Rembrandt/Rembrandt_Danish-[cdcovers_cc]-front.jpg,330.49,K
/Rumor Has It/Rumor_Has_It_Danish-front.jpg,373.71,K
/Saw/Saw_2_Danish-front.jpg,376.53,K
/Saw/Saw_Dansk-front.jpg,411.43,K
/Saw/Thumbs.db,9.5,K
/Scent Of A Woman/Scent_Of_A_Woman-[cdcovers_cc]-front.jpg,257.06,K
/Schindlers list/Schindlers_List_Danish-[cdcovers_cc]-cd1.jpg,148.36,K
/Schindlers list/Schindlers_List_Danish-[cdcovers_cc]-cd2.jpg,179.74,K
/Schindlers list/Schindlers_List_Danish-[cdcovers_cc]-front.jpg,440.93,K
/Shark Tale/Shark_Tale_Danish-front.jpg,431.57,K
/Shooter/Shooter_Danish_R2-[cdcovers_cc]-front.jpg,1.35,M
/Shrek/Shrek_1_Danish-front.jpg,333.61,K
/Shrek/Shrek_2_Danish-front.jpg,415.87,K
/Shrek/Thumbs.db,11.5,K
/Shrek 3/Shrek_The_Third_R1_Custom-front.jpg,803.7,K
/Shrek 3/Thumbs.db,6,K
/Sicko/Sicko_R2_Custom-[cdcovers_cc]-front.jpg,470.73,K
/Sicko/Sicko_Special_Edition_R2-[cdcovers_cc]-cd1.jpg,330.11,K
/Signs/Signs_Danish-[cdcovers_cc]-cd1.jpg,141.77,K
/Signs/Signs_Danish-[cdcovers_cc]-front.jpg,192.94,K
/Sky Fighters/Sky Fighters - cd1 UK.jpg,306.29,K
/Sky Fighters/Sky Fighters - front Danish.jpg,438.65,K
/Sky Fighters/Sky Fighters - front UK.jpg,344.06,K
/Sleepless In Seattle/Sleepless_In_Seattle-[cdcovers_cc]-cd1.jpg,237.28,K
/Sleepless In Seattle/Sleepless_In_Seattle-[cdcovers_cc]-cd2.jpg,256.04,K
/Sleepless In Seattle/Sleepless_In_Seattle-[cdcovers_cc]-front.jpg,426.04,K
/Sleepless In Seattle/Thumbs.db,17.5,K
/Soldaterkammerater/Soldaterkammerater 2.JPG,403.62,K
/Soldaterkammerater/Soldaterkammerater 3.JPG,401.84,K
/Soldaterkammerater/Soldaterkammerater 4.JPG,392.39,K
/Soldaterkammerater/Soldaterkammerater 5.JPG,395.81,K
/Soldaterkammerater/Soldaterkammerater 6.JPG,417.64,K
/Soldaterkammerater/Soldaterkammerater.JPG,392.5,K
/Solo/SOLO.jpg,904.43,K
/Sommersby/Sommersby-[cdcovers_cc]-front.jpg,155.48,K
/Sophie Scoll/Sophie_Scholl_German-front.jpg,366.95,K
/spiderman 3/Spiderman_3_Danish_R2_Custom-[cdcovers_cc]-front.jpg,1.38,M
/Star Wars/Star_Wars_1_The_Phantom_Menace_Danish-front.jpg,453.15,K
/Star Wars/Star_Wars_2_Danish-front.jpg,488.82,K
/Star Wars/Star_Wars_Episode_3_Revenge_Of_The_Sith_Danish_custom-front.jpg,336.53,K
/Star Wars/Star_Wars_Episode_4_A_New_Hope_Danish-front.jpg,295.87,K
/Star Wars/Star_Wars_Episode_5_The_Empire_Strikes_Back_Danish-front.jpg,301.27,K
/Star Wars/Star_Wars_Episode_6_Return_Of_The_Jedi_Danish-front.jpg,322.21,K
/Star Wars/Thumbs.db,28,K
/Sugar Hill/Sugar_Hill_Danish-[cdcovers_cc]-front.jpg,224.7,K
/Superman Returns/Superman_Returns_Danish_custom-front.jpg,430.61,K
/Supersize Me/Supersize_Me-[cdcovers_cc]-front.jpg,396.87,K
/Supersize Me/Super_Size_Me-front.jpg,366.5,K
/Tears Of The Sun/Tears_Of_The_Sun_Danish-front.jpg,595.91,K
/Terkel I knibe/Terkel_In_Trouble_Norwegian-front.jpg,438.63,K
/Terkel I knibe/Thumbs.db,7.5,K
/Terminator 3/Terminator_3_Danish-front.jpg,227.46,K
/The 10th Kingdom/The_10th_Kingdom_Danish-[cdcovers_cc]-cd1.jpg,131.29,K
/The 10th Kingdom/The_10th_Kingdom_Danish-[cdcovers_cc]-cd2.jpg,327.2,K
/The 10th Kingdom/The_10th_Kingdom_Danish-[cdcovers_cc]-cd3.jpg,196.06,K
/The 10th Kingdom/The_10th_Kingdom_Danish-[cdcovers_cc]-front.jpg,369.83,K
/The Blue Planet/The Blue Planet - front UK.jpg,248.48,K
/The Blue Planet/Thumbs.db,5.5,K
/The Bourne Identity/The_Bourne_Identity_Danish_R2-[cdcovers_cc]-front.jpg,354.84,K
/The Bourne Supremacy/Bourne_supremacy_The_r2_English_cstm_CockneyRebel.jpg,3.85,M
/The Bourne Ultimatum/The_Bourne_Ultimatum_R2_Custom-[cdcovers_cc]-front.jpg,339.65,K
/The Bridges Of Madison County/The_Bridges_Of_Madison_County-[cdcovers_cc]-cd1.jpg,48.72,K
/The Bridges Of Madison County/The_Bridges_Of_Madison_County-[cdcovers_cc]-front.jpg,395.46,K
/The Departed/The_Departed_R2-[cdcovers_cc]-front.jpg,3.07,M
/The Descent/The_Descent_Danish-front.jpg,336.63,K
/The Descent/Thumbs.db,6.5,K
/The Devil Wears Prada/The_Devil_Wears_Prada_Danish_R2-[cdcovers_cc]-front.jpg,983.75,K
/The Devil Wears Prada/The_Devil_Wears_Prada_UK_R2-[cdcovers_cc]-front.jpg,367.2,K
/The Exorcism Of Emily Rose/The_Exorcism_Of_Emily_Rose_Danish-front.jpg,411.89,K
/The Fast And The Furious/The_Fast_And_The_Furious-front.jpg,360.03,K
/The Fast And The Furious/The_Fast_And_The_Furious_Tokyo_Drift_Uk-front.jpg,509.06,K
/The Fast And The Furious/Thumbs.db,12,K
/The Fog/The_Fog_Danish-front.jpg,261.93,K
/The Fountain/The_Fountain_uk-[cdcovers_cc]-front.jpg,427.3,K
/The Ghost And The Darkness/The_Ghost_And_The_Darkness_Danish-[cdcovers_cc]-front.jpg,326.18,K
/The Godfather/The_Godfather_Part_1_Danish-front.jpg,315.86,K
/The Godfather/The_Godfather_Part_2_Danish-front.jpg,276.82,K
/The Godfather/The_Godfather_Part_3_Danish-front.jpg,372.35,K
/The Godfather/Thumbs.db,13.5,K
/The good Sheperd/The_Good_Shepherd_Danish_R2_Custom-[cdcovers_cc]-front.jpg,475.65,K
/The Green Mile/The_Green_Mile_Danish-front.jpg,288.9,K
/The Hills Have Eyes/The_Hills_Have_Eyes_Uk-front.jpg,331.58,K
/The Illusionist/215431-4.jpg,1.42,M
/The Insider/The Insider-front.jpg,311.62,K
/The Insider/The_Insider-cd.jpg,65.37,K
/The Insider/Thumbs.db,9,K
/The Italian Job/The_Italian_Job_Uk-front.jpg,372.75,K
/The Italian Job/Thumbs.db,7,K
/The Ladykillers/The_Ladykillers_Danish-front.jpg,307.76,K
/The Last Boyscout/The_Last_Boy_Scout_Danish-[cdcovers_cc]-cd1.jpg,249.25,K
/The Last Boyscout/The_Last_Boy_Scout_Danish-[cdcovers_cc]-front.jpg,295.02,K
/The Last Of The Mohicans/The_Last_Of_The_Mohicans_Directors_Cut_R1-[cdcovers_cc]-front.jpg,219.62,K
/The Last Of The Mohicans/The_Last_Of_The_Mohicans_R1-[cdcovers_cc]-front.jpg,539.23,K
/The Last Samurai/The_Last_Samurai_Danish-front.jpg,581.02,K
/The Last Samurai/Thumbs.db,6,K
/The mark of cain/The_Mark_Of_Cain_Danish_R2_Custom-[cdcovers_cc]-front.jpg,296.78,K
/The Marksman/The Marksman-cd.jpg,313.04,K
/The Marksman/The Marksman-front.jpg,832.62,K
/The Negotiator/The_Negotiator_Danish-[cdcovers_cc]-front.jpg,245.62,K
/The Notebook/The_Notebook-[cdcovers_cc]-cd1.jpg,52.81,K
/The Notebook/The_Notebook-[cdcovers_cc]-front.jpg,306.58,K
/The Omen/The_Omen_2006_Uk_custom-front.jpg,348.95,K
/The Queen/The Queen - cd.jpg,1.04,M
/The Queen/The Queen - front.jpg,3.57,M
/The Queen/Thumbs.db,20.5,K
/The Reaping/The_Reaping_Custom-[cdcovers_cc]-cd1.jpg,103.1,K
/The Reaping/The_Reaping_Custom-[cdcovers_cc]-front.jpg,856.46,K
/The Reaping/The_Reaping_Danish_R2_Custom-[cdcovers_cc]-front.jpg,430.91,K
/The Reaping/Thumbs.db,17.5,K
/The Recruit/The_Recruit_Danish-front.jpg,447.2,K
/The Rock/The_Rock_Danish-[cdcovers_cc]-front.jpg,468.47,K
/The Rock/Thumbs.db,6.5,K
/The Sound Of Music/The_Sound_Of_Music_Danish-[cdcovers_cc]-front.jpg,370.73,K
/The Transporter/The_Transporter-front.jpg,383.1,K
/The Transporter 2/Transporter_2_Danish-front.jpg,462.66,K
/The Ugly Duckling And Me/The_Ugly_Duckling_And_Me_Danish_R2-[cdcovers_cc]-cd1.jpg,809.7,K
/The Ugly Duckling And Me/The_Ugly_Duckling_And_Me_Danish_R2-[cdcovers_cc]-front.jpg,754.28,K
/The Usual Suspect/The_Usual_Suspect-[cdcovers_cc]-front.jpg,224.63,K
/The Usual Suspect/UsualSuspectsTher1_kylumi_original.jpg,3.64,M
/Thin Red Line/The_Thin_Red_Line_Danish-[cdcovers_cc]-front.jpg,384.15,K
/Titanic/Titanic_Danish-[cdcovers_cc]-front.jpg,320.91,K
/Tro Haab Og Kaerlighed/Tro_Hab_Og_Kaerlighed_Danish-[cdcovers_cc]-cd1.jpg,167.98,K
/Tro Haab Og Kaerlighed/Tro_Hab_Og_Kaerlighed_Danish-[cdcovers_cc]-front.jpg,696.99,K
/Troy/Troy-[cdcovers_cc]-front.jpg,455.5,K
/Two For The Money/Two_For_The_Money-front.jpg,332.69,K
/Two For The Money/Two_For_The_Money-[cdcovers_cc]-front.jpg,332.69,K
/V For Vendetta/V_For_Vendetta_Danish-front.jpg,390.1,K
/We Are Marshall/We_Are_Marshall_R2_Custom-[cdcovers_cc]-front.jpg,446.86,K
/We Were Soldiers/Thumbs.db,6,K
/We Were Soldiers/We_Were_Soldiers_Danish-front.jpg,195.21,K
/What Women Want/What_Women_Want_Danish-[cdcovers_cc]-front.jpg,243.45,K
/White Chicks/White_Chicks_Danish-front.jpg,371.47,K
/White Man´s Burden/White_Mans_Burden-[cdcovers_cc]-front.jpg,180.37,K
/Wild Hogs/Wild_Hogs_Danish_R2_Custom-[cdcovers_cc]-front.jpg,386.4,K
/World Trade Center/Thumbs.db,7,K
/World Trade Center/World_Trade_Center_Danish_Custom-cd.jpg,132.56,K
/World Trade Center/World_Trade_Center_Danish_R2-[cdcovers_cc]-front.jpg,1.35,M
/XXX/Xxx_Danish-[cdcovers_cc]-cd1.jpg,154.05,K
/XXX/Xxx_Danish-[cdcovers_cc]-front.jpg,286.43,K
