Filename,Size,Unit
/Mobo/13-130-081-02.jpg,23.21,K
/Mobo/13-130-081-03.jpg,81.38,K
/Mobo/13-130-081-04.jpg,97.52,K
/Mobo/13-130-081-05.jpg,44,K
/Mobo/13-130-081-06.jpg,59.54,K
/Mobo/13-130-081-07.jpg,28.74,K
/Mobo/13-130-081-08.jpg,42.27,K
/Mobo/E7350v1.0.zip,9.22,M
/Mobo/Mobo specs.rtf,11.57,K
/Proc/19-115-003-01.jpg,27.98,K
/Proc/19-115-003-02.jpg,27.19,K
/Proc/proc.rtf,3.99,K
/case/11-133-154-01.jpg,18.67,K
/case/11-133-154-02.jpg,15.87,K
/case/11-133-154-04.jpg,13,K
/case/11-133-154-05.jpg,29.06,K
/case/11-133-154-06.jpg,23.29,K
/case/11-133-154-07.jpg,39.08,K
/case/11-133-154-08.jpg,15.74,K
/case/11-133-154-09.jpg,38.58,K
/case/11-133-154-10.jpg,30.01,K
/case/11-133-154-12.jpg,24.17,K
/case/11-133-154-13.jpg,22.93,K
/case/11-133-154-14.jpg,25.83,K
/case/11-133-154-15.jpg,32.54,K
/case/11-133-154-16.jpg,22.54,K
/case/11-133-154-17.jpg,40.4,K
/case/11-133-154-18.jpg,25.97,K
/case/case specs.rtf,840,B
/cd/IDE/27-136-118-02.jpg,31.12,K
/cd/IDE/27-136-118-03.jpg,30.74,K
/cd/IDE/27-136-118-04.jpg,16.58,K
/cd/IDE/New Rich Text Document.rtf,4.59,K
/cd/sata/27-131-047-02.jpg,12.73,K
/cd/sata/27-131-047-03.jpg,21.54,K
/cd/sata/27-131-047-04.jpg,20.47,K
/cd/sata/sony.rtf,537,B
/graphics/14-130-080-02.jpg,40.54,K
/graphics/14-130-080-03.jpg,55.11,K
/graphics/14-130-080-04.jpg,49.77,K
/graphics/14-130-080-05.jpg,73.25,K
/graphics/14-130-080-06.jpg,37.93,K
/graphics/14-130-080-08.jpg,31.08,K
/graphics/14-130-080-10.jpg,14.61,K
/graphics/14-130-080-11.jpg,25.11,K
/graphics/640-P2-N825.pdf,863,K
/hard drive/22-148-140-01.jpg,24.25,K
/hard drive/22-148-140-02.jpg,17.18,K
/hard drive/hard drive specs.rtf,941,B
/monitor/24-009-091-02.jpg,15.44,K
/monitor/24-009-091-03.jpg,27.49,K
/monitor/24-009-091-04.jpg,12.17,K
/monitor/24-009-091-05.jpg,10.69,K
/monitor/24-009-091-06.jpg,24.71,K
/monitor/24-009-091-07.jpg,23.94,K
/monitor/24-009-091-08.jpg,16.71,K
/monitor/24-009-091-09.jpg,28.14,K
/monitor/24-009-091-10.jpg,35.08,K
/monitor/24-009-091-11.jpg,22.1,K
/monitor/monitor specs.rtf,1.15,K
"/mouse, keyboard/23-126-178-01.jpg",25.5,K
"/mouse, keyboard/23-126-178-02.jpg",22.46,K
"/mouse, keyboard/23-126-178-03.jpg",23.23,K
"/mouse, keyboard/23-126-178-04.jpg",8.68,K
"/mouse, keyboard/23-126-178-05.jpg",18.58,K
"/mouse, keyboard/23-126-178-06.jpg",28.55,K
"/mouse, keyboard/26-105-185-01.jpg",14.58,K
"/mouse, keyboard/26-105-185-02.jpg",15.2,K
"/mouse, keyboard/26-105-185-03.jpg",22.48,K
"/mouse, keyboard/26-105-185-04.jpg",16.18,K
"/mouse, keyboard/26-105-185-05.jpg",13.49,K
"/mouse, keyboard/keyboard mouse specs.rtf",1.97,K
/power supply/17-153-038-03.jpg,23.2,K
/power supply/17-153-038-04.jpg,39.79,K
/power supply/17-153-038-05.jpg,36.13,K
/power supply/17-153-038-06.jpg,45.54,K
/power supply/17-153-038-07.jpg,35.7,K
/power supply/17-153-038-08.jpg,59.04,K
/power supply/17-153-038-09.jpg,14.48,K
/power supply/17-153-038-10.jpg,30.3,K
/power supply/17-153-038-11.jpg,27.03,K
/power supply/powersupply specs.rtf,1.5,K
/proj3_Dream_Machine.doc,45,K
/ram/20-134-125-02.jpg,23.43,K
/ram/KHX6400D2LLK2_2GN.pdf,215.74,K
/ram/RAM.rtf,201,B
/speakers/36-116-153-02.jpg,16.71,K
/speakers/36-116-153-03.jpg,32.67,K
/speakers/36-116-153-04.jpg,20.88,K
/speakers/36-116-153-05.jpg,29.15,K
/speakers/36-116-153-06.jpg,15.57,K
/speakers/speaker specs.rtf,1.16,K
