Filename,Size,Unit
/amara/amar-bj-a04.wmv,30.61,M
/amara/ampa-les1c.wmv,26.01,M
/amara/ampa-les1d.wmv,25.91,M
/amat_girl/amat-mbv1a.wmv,17.48,M
/amat_girl/amat-mbv1b.wmv,15.19,M
/amat_girl/amat-mbv1c.wmv,13.25,M
/amat_girl/amat-mbv1d.wmv,15.65,M
/annie/anna-bts1a.wmv,10.42,M
/annie/anni-bts1a.wmv,24.02,M
/annie/anni-lap1a.wmv,31.28,M
/annie/anni-lap1b.wmv,31.28,M
/annie/anni-mbv1a.wmv,25.83,M
/annie/anni-mbv1b.wmv,26.35,M
/annie/anni-mbv1c.wmv,22.81,M
/asianamat/amat-mbv2a.wmv,15.33,M
/asianamat/amat-mbv2b.wmv,14.62,M
/asianamat/amat-mbv2c.wmv,13.16,M
/Belle/bell-bts1a.wmv,15.73,M
/Belle/bell-mbv1a.wmv,14.63,M
/Belle/bell-mbv1b.wmv,13.04,M
/Belle/bell-mbv1c.wmv,13.77,M
/BG1/hard-sbg1a.wmv,18.11,M
/BG1/hard-sbg1b.wmv,21.07,M
/BG1/hard-sbg1c.wmv,21.21,M
/BG1/hard-sbg1d.wmv,20.73,M
/BG1/hard-sbg1e.wmv,21.32,M
/brenda/brenda-mbv01a.wmv,28.39,M
/brenda/brenda-mbv01b.wmv,35.81,M
/brenda/brenda-mbv01c.wmv,30.19,M
/brenda/brenda-mbv01d.wmv,31.81,M
/cherry/cher-bts3a.wmv,25.39,M
/cherry/cher-bts3b.wmv,16.37,M
/cherryChen/cher-mbv1a.wmv,15.2,M
/cherryChen/cher-mbv1b.wmv,11.82,M
/cherryChen/cher-mbv1c.wmv,12.29,M
/cherryChen/cher-mbv1d.wmv,11.57,M
/cherryChen/cher-mbv1e.wmv,14.3,M
/cherryChen/cher-mbv2a.wmv,34.19,M
/cherryChen/cher-mbv2b.wmv,30.22,M
/cherryChen/cher-mbv2c.wmv,28.06,M
/chohyeeun/choh-bts1a.wmv,8.33,M
/chohyeeun/choh-bts2a.wmv,18.43,M
/chohyeeun/choh-mbv1a.wmv,15.62,M
/chohyeeun/choh-mbv1b.wmv,14.97,M
/chohyeeun/choh-mbv1c.wmv,17.09,M
/chohyeeun/choh-mbv1d.wmv,14.77,M
/chohyeeun/choh-pvv2a.wmv,12.33,M
/dana/dana-bts1a.wmv,18.45,M
/dana/dana-bts2a.wmv,18.3,M
/dana/dana-pvv1a.wmv,16.21,M
/debie/debie-mbv01a.wmv,31.95,M
/debie/debie-mbv01b.wmv,22.49,M
/debie/debie-mbv01c.wmv,34.25,M
/eliza/eliz-ibw1c.wmv,32.22,M
/eliza/eliz-ibw1d.wmv,22.64,M
/eliza/eliz-mbv1b.wmv,31.35,M
/eliza/eliz-mbv1c.wmv,25.51,M
/eliza/eliz-mbv1d.wmv,22.16,M
/eliza/eliz-pvv1b.wmv,31.37,M
/emma/emma-mbv1a.wmv,14.88,M
/emma/emma-mbv1b.wmv,19.79,M
/emma/emma-mbv1c.wmv,18.24,M
/fang/fang-bts1a.wmv,18.43,M
/fang/fang-mbv1a.wmv,15.64,M
/fang/fang-mbv1b.wmv,16,M
/fang/fang-mbv1c.wmv,15.68,M
/felicia/feli-mbv1a.wmv,14,M
/felicia/feli-mbv1b.wmv,16.62,M
/felicia/feli-mbv1c.wmv,15.77,M
/felicia/feli-mbv1d.wmv,12.79,M
/felicia/feli-mbv1e.wmv,16.64,M
/gigie/gigi-bjv1a.wmv,26.11,M
/gigie/gigi-bjv1b.wmv,24.75,M
/gigie/gigi-bjv1d.wmv,25.92,M
/gigie/gigi-mbv1a.wmv,27.21,M
/gigie/gigi-mbv1b.wmv,26.94,M
/gigie/gigi-mbv1c.wmv,24.8,M
/gigie/gigi-mbv1d.wmv,25.28,M
/gigie/gigi-pvv4d.wmv,27.36,M
/HC1/c9g_miko0516_01.wmv,9.91,M
/HC1/c9g_miko0516_02.wmv,10.06,M
/HC1/c9g_miko0516_03.wmv,10.07,M
/HC1/c9g_miko0516_04.wmv,9.97,M
/HC1/c9g_miko0516_05.wmv,10.02,M
/HC1/c9g_miko0516_06.wmv,10.05,M
/HC1/c9g_miko0516_07.wmv,10.05,M
/HC1/c9g_miko0516_08.wmv,10,M
/hc4/c9g_mikatan_01.wmv,10.11,M
/hc4/c9g_mikatan_06.wmv,10.09,M
/hc4/c9g_mikatan_07.wmv,10.09,M
/hc4/c9g_mikatan_08.wmv,10.09,M
/hc4/c9g_mikatan_09.wmv,10.09,M
/hc4/c9g_mikatan_10.wmv,8.66,M
/HelenNima/hele-pvv1a.wmv,11.87,M
/HelenNima/hele-pvv1b.wmv,11.21,M
/HelenNima/hele-pvv1c.wmv,15.86,M
/irene/irne-mbv1a.wmv,16.66,M
/irene/irne-mbv1b.wmv,15.62,M
/iris/iris-mbv01a.wmv,32.51,M
/iris/iris-mbv01b.wmv,31.96,M
/iris/iris-mbv01c.wmv,31.25,M
/iris/iris-mbv01d.wmv,27.58,M
/jang/jang-mbv02a.wmv,34.22,M
/jang/jang-mbv02b.wmv,33.7,M
/jang/jang-mbv02c.wmv,38.3,M
/jang/jang-mbv02d.wmv,32.17,M
/joceline/joce-mbv2a.wmv,15.12,M
/joceline/joce-mbv2b.wmv,15.32,M
/joceline/joce-mbv2c.wmv,13.18,M
/joceline/joce-mbv2d.wmv,12.41,M
/jody/jody-mbv02a.wmv,20.98,M
/jody/jody-mbv02b.wmv,29.91,M
/jody/jody-mbv02c.wmv,24.65,M
/kaila/kail-mbv1a.wmv,14.62,M
/kaila/kail-mbv1b.wmv,17.65,M
/kaila/kail-mbv1c.wmv,16.77,M
/kathy/hard-sbg4a.wmv,14.75,M
/kathy/hard-sbg4b.wmv,16.06,M
/kathy/hard-sbg4c.wmv,14.19,M
/kianna/c9g_kiannamasterbates_01.wmv,5.07,M
/kianna/c9g_kiannamasterbates_02.wmv,4.84,M
/kianna/c9g_kiannamasterbates_03.wmv,5.03,M
/kianna/c9g_kiannamasterbates_04.wmv,4.67,M
/kianna/c9g_kiannamasterbates_05.wmv,4.25,M
/kianna/c9g_kiannamasterbates_06.wmv,5.02,M
/kianna/c9g_kiannamasterbates_07.wmv,4.38,M
/kianna/c9g_kiannamasterbates_08.wmv,4.64,M
/kianna/c9g_kiannamasterbates_09.wmv,4.76,M
/kianna/c9g_kiannamasterbates_10.wmv,3.1,M
/KimHun/kimu-mbv1a.wmv,16.69,M
/KimHun/kimu-mbv1b.wmv,15.19,M
/KimHun/kimu-mbv1c.wmv,14.46,M
/laula/laul-mbv01a.wmv,18.87,M
/laula/laul-mbv01b.wmv,14.87,M
/lora/lora-mbv2a.wmv,17.19,M
/lora/lora-mbv2b.wmv,15.9,M
/lora/lora-mbv2c.wmv,15.09,M
/lora/lora-mbv2d.wmv,10.19,M
/lyn/lyn-mbv1a.wmv,26.91,M
/lyn/lyn-mbv1b.wmv,23.83,M
/lyn/lyn-mbv1c.wmv,29.82,M
/lyn/lyn-mbv1d.wmv,28.97,M
/MikoLee/c9g_mikodildo_02.wmv,5.03,M
/nancy/nanc-bjv1a.wmv,16.81,M
/nancy/nanc-bjv1b.wmv,17.48,M
/nancy/nanc-bjv1c.wmv,20.34,M
/nancy/nanc-bjv1d.wmv,20.79,M
/nancy/nanc-mbv1a.wmv,17.54,M
/nancy/nanc-mbv1b.wmv,20.04,M
/nancy/nanc-mbv1c.wmv,17.62,M
/nancy/nanc-mbv1d.wmv,17.6,M
/nancy/nanc-mbv1e.wmv,20.1,M
/natalia/nata-bjv1a.wmv,31.21,M
/natalia/nata-bjv1b.wmv,31.15,M
/natalia/nata-bjv1c.wmv,29.5,M
/natalia/natalia-pvv04a.wmv,31.22,M
/natalia/natalia-pvv04b.wmv,42.05,M
/natalia/natalia-pvv04c.wmv,34.17,M
/new/alesha/h-alesha-v02b.wmv,43.1,M
/new/alesha/h-alesha-v02c.wmv,58.74,M
/new/amara/amara-pvv02a.wmv,28.48,M
/new/amara/amara-pvv02b.wmv,28.05,M
/new/amara/amara-pvv02c.wmv,22.67,M
/new/amara/b-amara-pvv03c.wmv,32.45,M
/new/amara/b-amara-pvv04a.wmv,35.1,M
/new/amara/b-amara-pvv04b.wmv,34.24,M
/new/amara/b-amara-pvv04c.wmv,33.88,M
/new/amara/b-amara-pvv04d.wmv,21.97,M
/new/amara/b-amara-pvv05b.wmv,32.15,M
/new/amara/h-amara-v02c.wmv,40.6,M
/new/amara/h-amara-v03d.wmv,45.13,M
/new/amara/h-amara-v04a.wmv,36.36,M
/new/amara/h-amara-v04b.wmv,34.93,M
/new/amara/h-amara-v04c.wmv,36.08,M
/new/amara/h-amara-v04d.wmv,33.52,M
/new/carla/h-carla-v01c.wmv,46.8,M
/new/celine/h-celine-v01d.wmv,38.65,M
/new/claudia/h-claudia-v01c.wmv,53.14,M
/new/emily/h-emily-v01c.wmv,37.25,M
/new/felicia/b-felicia-v01-04.wmv,28.35,M
/new/hana/h-hana-v01b.wmv,42.1,M
/new/hana/h-hana-v02d.wmv,40.4,M
/new/janet/h-janet-v01c.wmv,52.62,M
/new/jenis/b-jenis-v01-02.wmv,31.47,M
/new/jenis/b-jenis-v01-03.wmv,23.46,M
/new/julia/h-julia-v01b.wmv,53.38,M
/new/julia/h-julia-v01c.wmv,37.73,M
/new/kathy/h-kathy-liu-v02b.wmv,47.32,M
/new/linsiyee/b-linsiyee-v02-03.wmv,37.43,M
/new/miki/h-miki-v02c.wmv,49.59,M
/new/monica/b-monica-jet-mbv01d.wmv,36.34,M
/new/nadia/b-nadia-v02-02.wmv,37.52,M
/new/nadia/b-nadia-v02-03.wmv,26.45,M
/new/nadia/b-nadia-v02-04.wmv,22.94,M
/new/nancy/h-nancy-ho-v02a.wmv,56.27,M
/new/nancy/h-nancy-ho-v02b.wmv,48.61,M
/new/paris/h-paris-v02c.wmv,45.77,M
/new/paris/h-paris-v02d.wmv,28.24,M
/new/petchara/h-petchara-v01a.wmv,48.07,M
/new/petchara/h-petchara-v02a.wmv,48.63,M
/new/petchara/h-petchara-v02d.wmv,55.54,M
/new/petchara/h-petchara-v03a.wmv,42.35,M
/new/petchara/h-petchara-v03b.wmv,41.84,M
/new/petchara/h-petchara-v03c.wmv,38.06,M
/new/rebecca/b-rebecka-v01-03.wmv,33.94,M
/new/salina/h-salina-v02c.wmv,45.91,M
/new/sunny/h-sunny-v01d.wmv,33.51,M
/new/teresa/b-teresa-v01-01.wmv,30.88,M
/new/teresa/b-teresa-v01-02.wmv,30.57,M
/new/teresa/b-teresa-v01-03.wmv,30.12,M
/new/teresa/b-teresa-v01-04.wmv,26.68,M
/new/Vicky/b-vicky-v02-02.wmv,32.09,M
/new/Vicky/b-vicky-v02-03.wmv,23.69,M
/new2/aida/h-aida-v01b.wmv,70.98,M
/new2/Alesha/h-alesha-v03b.wmv,60.99,M
/new2/amara/h-amara-v06a.wmv,47.45,M
/new2/amara/h-amara-v06b.wmv,47.36,M
/new2/camila/h-camila-v01c.wmv,39.04,M
/new2/chelsea/h-chelsea-v01c.wmv,35.92,M
/new2/courtney/h-courtney-v01c.wmv,50.62,M
/new2/eliza/h-eliza-v02c.wmv,50.35,M
/new2/eliza/h-eliza-v02d.wmv,43.04,M
/new2/grace/h-grace-v02b.wmv,55.12,M
/new2/grace/h-grace-v02c.wmv,65.38,M
/new2/hana/h-hana-v02d.wmv,40.4,M
/new2/iris/h-iris-v02b.wmv,40.75,M
/new2/iris/h-iris-v02c.wmv,41.53,M
/new2/jamie/h-jamie-v02c.wmv,35.85,M
/new2/jamie/h-jamie-v03a.wmv,46,M
/new2/janis/h-janis-v05b.wmv,57.25,M
/new2/katherine/h-katherine-v01c.wmv,40.98,M
/new2/katherine/h-katherine-v03c.wmv,35.57,M
/new2/lincy/h-lincy-leaw-v04c.wmv,37.15,M
/new2/lincy/h-lincy-leaw-v07c.wmv,57.91,M
/new2/lyn/h-lyn-v02a.wmv,40.86,M
/new2/lyn/h-lyn-v02b.wmv,42.49,M
/new2/lyn/h-lyn-v02c.wmv,40.52,M
/new2/lyn/h-lyn-v02d.wmv,38.77,M
/new2/lyn/h-lyn-v03c.wmv,33.22,M
/new2/marcia/h-marcia-v01a.wmv,39.01,M
/new2/nancy/h-nancy-ho-v04b.wmv,42.04,M
/new2/nancy/h-nancy-ho-v04c.wmv,29.65,M
/new2/nancy/h-nancy-ho-v05b.wmv,51.5,M
/new2/petchara/h-petchara-v04d.wmv,36.82,M
/new2/petchara/h-petchara-v04e.wmv,37.2,M
/new2/trista/h-trista-v01c.wmv,32.99,M
/nina/nina-mbv1b.wmv,31.53,M
/nina/nina-mbv1c.wmv,25.55,M
/nittaya/nitt-mbv1a.wmv,14.71,M
/nittaya/nitt-mbv1b.wmv,16.34,M
/nittaya/nitt-mbv1c.wmv,17.4,M
/nittaya/nitt-mbv1d.wmv,14.66,M
/nittaya/nitt-mbv1e.wmv,12.92,M
/nittaya/nitt-mbv1f.wmv,12.44,M
/patricia/patr-bts1a.wmv,12.95,M
/paula/paul-mbv1a.wmv,15.04,M
/paula/paul-mbv1b.wmv,13.93,M
/paula/paul-mbv1c.wmv,19.81,M
/paula/paul-mbv1d.wmv,10.92,M
/paula/paul-mbv1e.wmv,14.41,M
/sojinyong/soji-mbv1a.wmv,16.84,M
/sojinyong/soji-mbv1b.wmv,9.84,M
/sojinyong/soji-mbv1c.wmv,11.39,M
/sunnylee/sunn-bts1a.wmv,18.43,M
/sunnylee/sunn-mbv1a.wmv,15.58,M
/sunnylee/sunn-mbv1b.wmv,12.95,M
/sunnylee/sunn-mbv1c.wmv,11.17,M
/sunnylee/sunn-mbv1d.wmv,13.84,M
/vivie/vivi-mbv1a.wmv,24.53,M
/vivie/vivi-mbv1b.wmv,25.81,M
