Filename,Size,Unit
/101_yeahs1/101_yeahs1_big.wmv,28.98,M
/101_yeahs2/101_yeahs2_big.wmv,29.01,M
/101_yeahs3/101_yeahs3_big.wmv,29.86,M
/2_for_1_special1/2_for_1_special1_big.wmv,33.02,M
/2_for_1_special2/2_for_1_special2_big.wmv,33.02,M
/2_for_1_special3/2_for_1_special3_big.wmv,31.01,M
/acting_manager1/acting_manager1_big.wmv,42.71,M
/acting_manager2/acting_manager2_big.wmv,42.89,M
/acting_manager3/acting_manager3_big.wmv,40.11,M
/adult_swim1/adult_swim1_big.wmv,54.49,M
/adult_swim2/adult_swim2_big.wmv,54.49,M
/adult_swim3/adult_swim3_big.wmv,56.77,M
/afternoon_snack1/afternoon_snack1_big.wmv,46.48,M
/afternoon_snack2/afternoon_snack2_big.wmv,46.61,M
/afternoon_snack3/afternoon_snack3_big.wmv,46.45,M
/alamo_visit1/alamo_visit1_big.wmv,46.72,M
/alamo_visit2/alamo_visit2_big.wmv,46.76,M
/alamo_visit3/alamo_visit3_big.wmv,43.52,M
/alice_in_hunterland1/alice_in_hunterland1_big.wmv,28.95,M
/alice_in_hunterland2/alice_in_hunterland2_big.wmv,28.98,M
/alice_in_hunterland3/alice_in_hunterland3_big.wmv,28.22,M
/apple_of_my_eye1/apple_of_my_eye1_big.wmv,29,M
/apple_of_my_eye2/apple_of_my_eye2_big.wmv,29,M
/apple_of_my_eye3/apple_of_my_eye3_big.wmv,28.65,M
/aqua_momma1/aqua_momma1_big.asf,30.79,M
/aqua_momma2/aqua_momma2_big.asf,30.77,M
/aqua_momma3/aqua_momma3_big.asf,30.65,M
/arcade_games1/arcade_games1_big.wmv,26.36,M
/arcade_games2/arcade_games2_big.wmv,26.35,M
/arcade_games3/arcade_games3_big.wmv,26.27,M
/arse_deco1/arse_deco1_big.wmv,33.02,M
/arse_deco2/arse_deco2_big.wmv,33.02,M
/arse_deco3/arse_deco3_big.wmv,33.86,M
/art_broker1/art_broker1_big.wmv,26.36,M
/art_broker2/art_broker2_big.wmv,26.34,M
/art_broker3/art_broker3_big.wmv,25.01,M
/art_cuntisseur1/art_cuntisseur1_big.wmv,31.66,M
/art_cuntisseur2/art_cuntisseur2_big.wmv,31.64,M
/art_cuntisseur3/art_cuntisseur3_big.wmv,27.59,M
/art_history1/art_history1_big.wmv,33.02,M
/art_history2/art_history2_big.wmv,33.02,M
/art_history3/art_history3_big.wmv,33.48,M
/assed_up1/assed_up1_big.wmv,57.46,M
/assed_up2/assed_up2_big.wmv,57.5,M
/assed_up3/assed_up3_big.wmv,57.36,M
/bangagong1/bangagong1_big.wmv,28.99,M
/bangagong2/bangagong2_big.wmv,29.02,M
/bangagong3/bangagong3_big.wmv,30.69,M
/bangers_and_mash1/bangers_and_mash1_big.wmv,25.41,M
/bangers_and_mash2/bangers_and_mash2_big.wmv,25.43,M
/bangers_and_mash3/bangers_and_mash3_big.wmv,27.98,M
/barbi_fuck_doll1/barbi_fuck_doll1_big.wmv,43.68,M
/barbi_fuck_doll2/barbi_fuck_doll2_big.wmv,43.77,M
/barbi_fuck_doll3/barbi_fuck_doll3_big.wmv,43.61,M
/bat_her_up1/bat_her_up1_big.wmv,56.3,M
/bat_her_up2/bat_her_up2_big.wmv,56.35,M
/bat_her_up3/bat_her_up3_big.wmv,56.15,M
/beach_babe_mom1/beach_babe_mom1_big.wmv,26.36,M
/beach_babe_mom2/beach_babe_mom2_big.wmv,26.38,M
/beach_babe_mom3/beach_babe_mom3_big.wmv,24.82,M
/beautyshop_boobies1/beautyshop_boobies1_big.wmv,26.36,M
/beautyshop_boobies2/beautyshop_boobies2_big.wmv,26.32,M
/beautyshop_boobies3/beautyshop_boobies3_big.wmv,26.32,M
/bed_bath_and_sex1/bed_bath_and_sex1_big.wmv,54.49,M
/bed_bath_and_sex2/bed_bath_and_sex2_big.wmv,54.51,M
/bed_bath_and_sex3/bed_bath_and_sex3_big.wmv,61.09,M
/belly_shots1/belly_shots1_big.wmv,39.51,M
/belly_shots2/belly_shots2_big.wmv,36.9,M
/belly_shots3/belly_shots3_big.wmv,35.48,M
/big_apple_pie1/big_apple_pie1_big.asf,23.09,M
/big_apple_pie2/big_apple_pie2_big.asf,23.1,M
/big_apple_pie3/big_apple_pie3_big.asf,20.66,M
/blazin_hottie1/blazin_hottie1_big.wmv,41.5,M
/blazin_hottie2/blazin_hottie2_big.wmv,41.62,M
/blazin_hottie3/blazin_hottie3_big.wmv,41.5,M
/blonde_bombshell1/blonde_bombshell1_big.wmv,43.17,M
/blonde_bombshell2/blonde_bombshell2_big.wmv,43.18,M
/blonde_bombshell3/blonde_bombshell3_big.wmv,43.03,M
/boat_show_hottie1/boat_show_hottie1_big.wmv,42.96,M
/boat_show_hottie2/boat_show_hottie2_big.wmv,43.01,M
/boat_show_hottie3/boat_show_hottie3_big.wmv,42.87,M
/body_language1/body_language1_big.asf,30.8,M
/body_language2/body_language2_big.asf,30.76,M
/body_language3/body_language3_big.asf,32.54,M
/body_splash1/body_splash1_big.wmv,38.09,M
/body_splash2/body_splash2_big.wmv,38.08,M
/body_splash3/body_splash3_big.wmv,35.97,M
/bongo_boogie1/bongo_boogie1_big.wmv,38.08,M
/bongo_boogie2/bongo_boogie2_big.wmv,38.08,M
/bongo_boogie3/bongo_boogie3_big.wmv,39.46,M
/box_talk1/box_talk1_big.wmv,38.09,M
/box_talk2/box_talk2_big.wmv,38.09,M
/box_talk3/box_talk3_big.wmv,39.31,M
/brazilian_juices1/brazilian_juices1_big.asf,28.21,M
/brazilian_juices2/brazilian_juices2_big.asf,28.21,M
/brazilian_juices3/brazilian_juices3_big.asf,28.02,M
/breast_feeding1/breast_feeding1_big.wmv,53.93,M
/breast_feeding2/breast_feeding2_big.wmv,54.01,M
/breast_feeding3/breast_feeding3_big.wmv,53.84,M
/brown_necktie1/brown_necktie1_big.wmv,28.98,M
/brown_necktie2/brown_necktie2_big.wmv,29,M
/brown_necktie3/brown_necktie3_big.wmv,30.65,M
/bubbles_of_bliss1/bubbles_of_bliss1_big.wmv,31.12,M
/bubbles_of_bliss2/bubbles_of_bliss2_big.wmv,31.17,M
/bubbles_of_bliss3/bubbles_of_bliss3_big.wmv,34.07,M
/bull_ride1/bull_ride1_big.asf,28.23,M
/bull_ride2/bull_ride2_big.asf,28.2,M
/bull_ride3/bull_ride3_big.asf,26.18,M
/call_waiting1/call_waiting1_big.wmv,30.49,M
/call_waiting2/call_waiting2_big.wmv,30.49,M
/call_waiting3/call_waiting3_big.wmv,33.19,M
/camel_jiggles1/camel_jiggles1_big.wmv,35.55,M
/camel_jiggles2/camel_jiggles2_big.wmv,33.02,M
/camel_jiggles3/camel_jiggles3_big.wmv,33.11,M
/candlestick_lady1/candlestick_lady1_big.asf,20.54,M
/candlestick_lady2/candlestick_lady2_big.asf,20.52,M
/cardiovaginal1/cardiovaginal1_big.wmv,25.43,M
/cardiovaginal2/cardiovaginal2_big.wmv,25.42,M
/cardiovaginal3/cardiovaginal3_big.wmv,25.82,M
/carnival_cunt1/carnival_cunt1_big.asf,20.53,M
/carnival_cunt2/carnival_cunt2_big.asf,20.52,M
/carnival_cunt3/carnival_cunt3_big.asf,22.72,M
/cheesecake_squeeze1/cheesecake_squeeze1_big.asf,25.66,M
/cheesecake_squeeze2/cheesecake_squeeze2_big.asf,25.65,M
/cheesecake_squeeze3/cheesecake_squeeze3_big.asf,25.63,M
/cherchez_la_milf1/cherchez_la_milf1_big.wmv,27.96,M
/cherchez_la_milf2/cherchez_la_milf2_big.wmv,27.96,M
/cherchez_la_milf3/cherchez_la_milf3_big.wmv,27.6,M
/chinese_takeout1/chinese_takeout1_big.asf,25.65,M
/chinese_takeout2/chinese_takeout2_big.asf,25.65,M
/chinese_takeout3/chinese_takeout3_big.asf,25.95,M
/chinny_chin_chin1/chinny_chin_chin1_big.wmv,26.36,M
/chinny_chin_chin2/chinny_chin_chin2_big.wmv,26.37,M
/chinny_chin_chin3/chinny_chin_chin3_big.wmv,27.06,M
/choke_the_chicken1/choke_the_chicken1_big.asf,25.63,M
/choke_the_chicken2/choke_the_chicken2_big.asf,25.67,M
/choke_the_chicken3/choke_the_chicken3_big.asf,26.78,M
/ciao_erotico1/ciao_erotico1_big.wmv,26.35,M
/ciao_erotico2/ciao_erotico2_big.wmv,26.36,M
/ciao_erotico3/ciao_erotico3_big.wmv,30.29,M
/clam_chowder1/clam_chowder1_big.wmv,30.49,M
/clam_chowder2/clam_chowder2_big.wmv,30.49,M
/clam_chowder3/clam_chowder3_big.wmv,30.65,M
/clit_n_pendulum1/clit_n_pendulum1_big.asf,30.79,M
/clit_n_pendulum2/clit_n_pendulum2_big.asf,30.78,M
/clit_n_pendulum3/clit_n_pendulum3_big.asf,30.76,M
/cocktails_and_cream1/cocktails_and_cream1_big.wmv,70.09,M
/cocktails_and_cream2/cocktails_and_cream2_big.wmv,70.04,M
/cocktails_and_cream3/cocktails_and_cream3_big.wmv,74.63,M
/cock_pit_coochie1/cock_pit_coochie1_big.wmv,42.81,M
/cock_pit_coochie2/cock_pit_coochie2_big.wmv,42.86,M
/cock_pit_coochie3/cock_pit_coochie3_big.wmv,46.94,M
/cock_the_bells1/cock_the_bells1_big.wmv,36.02,M
/cock_the_bells2/cock_the_bells2_big.wmv,36.01,M
/cock_the_bells3/cock_the_bells3_big.wmv,38.42,M
/construction_cookie1/construction_cookie1_big.wmv,46.63,M
/construction_cookie2/construction_cookie2_big.wmv,46.77,M
/construction_cookie3/construction_cookie3_big.wmv,52.66,M
/cookie_bribe1/cookie_bribe1_big.asf,30.78,M
/cookie_bribe2/cookie_bribe2_big.asf,30.78,M
/cookie_bribe3/cookie_bribe3_big.asf,32.61,M
/cookie_nookie1/cookie_nookie1_big.wmv,38.08,M
/cookie_nookie2/cookie_nookie2_big.wmv,38.09,M
/cookie_nookie3/cookie_nookie3_big.wmv,40.13,M
/crash_course1/crash_course1_big.wmv,38.95,M
/crash_course3/crash_course3_big.wmv,36.97,M
/cruise_control1/cruise_control1_big.wmv,30.49,M
